Item Name,SKU,Serial Number,Category,Condition,Location,Quantity,Reorder Point,Status,Unit Price,Value,Date Recieved,Date Inspect,Date Approved,Inspected by,item source
Breaker Bar 24in,HT-BKB-24I-615,N/A,Hand Tools,Refurbished,H-06-04,5,25,Inspection,1695.71,8478.55,2026-09-09,Pending,Pending,Pending Inspection,Kabuayan Tool Distro
Screwdriver Set Magnetic 10pc,HT-SDR-10P-183,LOT-2026-5120,Hand Tools,Brand New,G-02-08,239,8,In stock,762.64,182270.96,2026-06-28,2026-06-30,2026-07-02,Reynaldo Cruz,Oriental Tools & Equipment
Brake Cleaner Spray 500ml,WS-SPR-BRK-192,N/A,Workshop Supplies & Fluids,Brand New,H-03-07,162,14,In stock,271.49,43981.38,2026-07-08,2026-07-10,2026-07-12,Reynaldo Cruz,Pacific Rim Auto Parts
Rolling Shop Stool Adjustable,SE-STL-RLG-989,SN-SE-2026-7B82E6,Lifting & Shop Equipment,Brand New,G-06-07,273,21,In stock,2356.48,643319.04,2026-09-03,2026-09-06,2026-09-07,Dave Mendoza,Delta Auto Tools Direct
Electric Rotary Buffer 7in,PT-POL-07I-151,SN-PT-2026-347526,Power Tools,Refurbished,F-04-08,5,21,Inspection,6284.42,31422.10,2026-09-04,Pending,Pending,Pending Inspection,Visayas Industrial Distribution
Penetrating Oil Spray 400ml,WS-SPR-PNT-832,N/A,Workshop Supplies & Fluids,Refurbished,D-09-01,10,22,Inspection,365.55,3655.50,2026-07-25,Pending,Pending,Pending Inspection,Metro Tools Import Co.
OBD2 Automotive Scanner Tool,DE-SCN-OBD2-134,SN-DE-2026-43288E,Diagnostic & Electrical,Brand New,G-02-07,259,24,In stock,15415.69,3992663.71,2026-05-14,2026-05-17,2026-05-19,Joseph Bautista,Visayas Industrial Distribution
Low Profile Floor Jack 3.5 Ton,SE-JCK-35LP-952,SN-SE-2026-FC0643,Lifting & Shop Equipment,Brand New,G-05-06,70,19,In stock,8737.62,611633.40,2026-04-04,2026-04-06,2026-04-08,Michael Ramos,Apex Automotive Supplies Inc.
Transmission Jack 0.5 Ton,SE-JCK-TRN-199,SN-SE-2026-8383D4,Lifting & Shop Equipment,Brand New,A-02-06,93,18,In stock,9810.95,912418.35,2026-02-12,2026-02-15,2026-02-16,Reynaldo Cruz,Kabuayan Tool Distro
Oil Filter Strap Wrench,SM-OFR-STP-870,LOT-2026-9060,Specialty Mechanic Tools,Brand New,D-09-06,196,13,In stock,301.07,59009.72,2026-03-11,2026-03-14,2026-03-15,John Reyes,Visayas Industrial Distribution
Fluid Transfer Hand Pump,SM-PMP-FLD-398,LOT-2026-3433,Specialty Mechanic Tools,Brand New,H-04-07,80,10,In stock,835.22,66817.60,2026-09-24,2026-09-25,2026-09-27,Reynaldo Cruz,Manila Industrial Tools Corp.
Jack Stands 3 Ton Steel Pair,SE-STD-03T-153,SN-SE-2026-89DCBC,Lifting & Shop Equipment,Brand New,A-03-09,16,25,Reserved,3669.09,58705.44,2026-06-17,2026-06-20,2026-06-22,Bong Garcia,Visayas Industrial Distribution
Diagonal Cutting Pliers 7in,HT-PLR-CUT7-578,LOT-2026-4822,Hand Tools,Brand New,C-06-05,89,10,In stock,616.07,54830.23,2026-02-05,2026-02-08,2026-02-10,Dave Mendoza,Manila Industrial Tools Corp.
Nitrile Gloves Heavy Duty 100pk,WS-GLV-100-278,N/A,Workshop Supplies & Fluids,Brand New,C-04-05,47,22,In stock,692.36,32540.92,2026-01-11,2026-01-12,2026-01-13,John Reyes,Oriental Tools & Equipment
Cordless Drill Driver 18V,PT-DRL-18V-965,SN-PT-2026-3FEC42,Power Tools,Brand New,A-09-09,231,13,In stock,6305.15,1456489.65,2026-06-26,2026-06-27,2026-06-29,Joseph Bautista,Visayas Industrial Distribution
Hydraulic Shop Press 12 Ton,SE-PRS-12T-579,SN-SE-2026-DBF551,Lifting & Shop Equipment,Brand New,G-06-09,268,21,In stock,15723.54,4213908.72,2026-05-21,2026-05-22,2026-05-23,Mark Santos,Kabuayan Tool Distro
Locking Pliers Vise-Grip 10in,HT-PLR-LK10-762,LOT-2026-9820,Hand Tools,Refurbished,E-05-01,116,22,In stock,1074.78,124674.48,2026-04-21,2026-04-22,2026-04-24,Dave Mendoza,Oriental Tools & Equipment
Piston Ring Compressor 3in,SM-PST-RNG3-677,LOT-2026-2737,Specialty Mechanic Tools,Brand New,D-04-01,90,22,In stock,427.68,38491.20,2026-01-31,2026-02-02,2026-02-03,Bong Garcia,Apex Automotive Supplies Inc.
Radiator Pressure Tester Kit,DE-GST-RAD-958,SN-DE-2026-EDD284,Diagnostic & Electrical,Brand New,A-08-02,98,15,In stock,3917.35,383900.30,2026-05-12,2026-05-14,2026-05-15,Reynaldo Cruz,Manila Industrial Tools Corp.
Cordless Impact Wrench 20V,PT-IMP-20V-418,SN-PT-2026-B79B8A,Power Tools,Brand New,F-07-08,202,22,In stock,9019.80,1821999.60,2026-01-20,2026-01-22,2026-01-24,Dave Mendoza,Delta Auto Tools Direct
Helicoil Thread Repair Kit M8,SM-THR-M08-537,LOT-2026-6837,Specialty Mechanic Tools,Refurbished,D-02-06,13,8,Inspection,1339.04,17407.52,2026-01-30,Pending,Pending,Pending Inspection,Manila Industrial Tools Corp.
Spark Plug Ignition Tester,DE-TST-SPK-439,SN-DE-2026-15306B,Diagnostic & Electrical,Brand New,E-01-03,161,8,In stock,733.95,118165.95,2026-06-25,2026-06-26,2026-06-27,John Reyes,Apex Automotive Supplies Inc.
Brake Caliper Piston Press Tool,SM-BRK-PST-222,LOT-2026-6832,Specialty Mechanic Tools,Brand New,D-08-04,203,21,In stock,1696.19,344326.57,2026-08-01,2026-08-03,2026-08-05,Ariel Villanueva,Kabuayan Tool Distro
DOT 4 Brake Fluid 1L,WS-FLD-DOT4-894,LOT-2026-5177,Workshop Supplies & Fluids,Brand New,G-08-06,37,22,In stock,624.78,23116.86,2026-03-17,2026-03-18,2026-03-19,Michael Ramos,Manila Industrial Tools Corp.
Helicoil Thread Repair Kit M10,SM-THR-M10-528,LOT-2026-1622,Specialty Mechanic Tools,Brand New,H-05-05,86,15,In stock,1599.81,137583.66,2026-09-21,2026-09-23,2026-09-25,Bong Garcia,Oriental Tools & Equipment
Wire Stripper & Crimper,HT-WSC-08I-961,N/A,Hand Tools,Brand New,C-08-03,253,12,In stock,411.48,104104.44,2026-07-24,2026-07-27,2026-07-29,Michael Ramos,Kabuayan Tool Distro
Amp Clamp Meter AC/DC,DE-MMT-AMP-306,SN-DE-2026-BC642A,Diagnostic & Electrical,Refurbished,F-09-09,254,19,In stock,3636.63,923704.02,2026-06-09,2026-06-10,2026-06-11,John Reyes,Pacific Rim Auto Parts
Hydraulic Floor Jack 3 Ton,SE-JCK-03T-463,SN-SE-2026-258E9C,Lifting & Shop Equipment,Brand New,A-05-03,27,21,Reserved,6364.13,171831.51,2026-06-03,2026-06-05,2026-06-07,Reynaldo Cruz,Global Tech Hardware Philippines
Rubber Mallet 16oz,HT-MLT-16O-323,N/A,Hand Tools,Brand New,E-09-07,14,23,Reserved,438.97,6145.58,2026-09-22,2026-09-25,2026-09-26,Reynaldo Cruz,Oriental Tools & Equipment
Ratchet Handle 3/8in Drive,HT-RTC-38D-851,LOT-2026-5799,Hand Tools,Brand New,H-05-04,156,22,In stock,717.29,111897.24,2026-06-01,2026-06-04,2026-06-06,John Reyes,Luzon Machinery Supply
Mechanic Plastic Creeper 40in,SE-CRP-40I-865,SN-SE-2026-F6F1CF,Lifting & Shop Equipment,Brand New,E-05-05,270,24,In stock,3090.59,834459.30,2026-10-03,2026-10-04,2026-10-05,Bong Garcia,Global Tech Hardware Philippines
Vacuum Brake Bleeder Kit,SM-BRK-VAC-268,LOT-2026-5958,Specialty Mechanic Tools,Refurbished,A-01-03,272,8,In stock,2601.86,707705.92,2026-04-21,2026-04-24,2026-04-25,Dave Mendoza,Delta Auto Tools Direct
Cordless Impact Driver 18V,PT-IMP-18V-435,SN-PT-2026-69095C,Power Tools,Brand New,D-08-03,203,7,In stock,6427.94,1304871.82,2026-08-31,2026-09-02,2026-09-03,Dave Mendoza,Oriental Tools & Equipment
Borescope Endoscope Camera 1080P,DE-CAM-BOR-935,SN-DE-2026-D72877,Diagnostic & Electrical,Brand New,B-01-09,200,23,In stock,2554.96,510992.00,2026-06-09,2026-06-11,2026-06-12,Bong Garcia,Global Tech Hardware Philippines
Heavy Duty Steel Car Ramps Pair,SE-RMP-HD2-676,SN-SE-2026-485D1C,Lifting & Shop Equipment,Brand New,C-05-04,227,20,In stock,3866.52,877700.04,2026-06-28,2026-06-30,2026-07-02,Ariel Villanueva,Delta Auto Tools Direct
Pneumatic Impact Gun 1/2in,PT-AIR-12I-553,SN-PT-2026-E75794,Power Tools,Brand New,B-05-04,7,9,Low stock,5325.49,37278.43,2026-08-16,2026-08-18,2026-08-19,Michael Ramos,Oriental Tools & Equipment
Cordless Angle Grinder 18V,PT-GRN-18V-247,SN-PT-2026-764260,Power Tools,Brand New,F-08-02,146,8,In stock,5579.31,814579.26,2026-01-12,2026-01-15,2026-01-17,Bong Garcia,Pacific Rim Auto Parts
Wire Stripper & Crimper,HT-WSC-08I-886,N/A,Hand Tools,Refurbished,F-04-03,19,25,Inspection,659.01,12521.19,2026-01-31,Pending,Pending,Pending Inspection,Manila Industrial Tools Corp.
Fuel Pressure Test Gauge Set,DE-GST-FUL-819,SN-DE-2026-8BA07E,Diagnostic & Electrical,Refurbished,G-01-02,228,15,In stock,4982.06,1135909.68,2026-06-23,2026-06-24,2026-06-25,Reynaldo Cruz,Kabuayan Tool Distro
Heavy Duty Hand Cleaner 3.78L,WS-HND-378-376,LOT-2026-4074,Workshop Supplies & Fluids,Brand New,H-08-08,246,11,In stock,1556.73,382955.58,2026-10-03,2026-10-04,2026-10-05,Bong Garcia,Global Tech Hardware Philippines
Pneumatic Air Ratchet 3/8in,PT-AIR-38R-312,SN-PT-2026-BE5F36,Power Tools,Brand New,F-03-05,169,10,In stock,2635.99,445482.31,2026-03-10,2026-03-11,2026-03-12,Ariel Villanueva,Metro Tools Import Co.
Socket Set 24pc Metric,HT-SCK-24M-664,LOT-2026-8859,Hand Tools,Brand New,E-03-08,8,12,Low stock,3378.92,27031.36,2026-05-11,2026-05-13,2026-05-15,Mark Santos,Metro Tools Import Co.
Penetrating Oil Spray 400ml,WS-SPR-PNT-237,LOT-2026-7552,Workshop Supplies & Fluids,Brand New,F-09-01,146,16,In stock,437.49,63873.54,2026-06-05,2026-06-06,2026-06-07,Reynaldo Cruz,Pacific Rim Auto Parts
Threadlocker Medium Blue 50ml,WS-TLK-BLU-761,LOT-2026-9559,Workshop Supplies & Fluids,Brand New,H-08-02,10,22,Low stock,1089.57,10895.70,2026-06-16,2026-06-18,2026-06-20,Bong Garcia,Luzon Machinery Supply
Cordless Impact Driver 18V,PT-IMP-18V-676,SN-PT-2026-72010D,Power Tools,Brand New,G-07-01,29,10,Reserved,6396.44,185496.76,2026-02-24,2026-02-27,2026-02-28,Joseph Bautista,Manila Industrial Tools Corp.
Pneumatic Impact Gun 3/4in,PT-AIR-34I-540,SN-PT-2026-C7653C,Power Tools,Brand New,D-04-08,86,21,In stock,12893.66,1108854.76,2026-09-08,2026-09-09,2026-09-11,Ariel Villanueva,Luzon Machinery Supply
3-Jaw Gear Puller 6in,SM-PLR-3J6-256,N/A,Specialty Mechanic Tools,Brand New,H-03-02,83,9,In stock,1100.95,91378.85,2026-01-18,2026-01-20,2026-01-22,John Reyes,Global Tech Hardware Philippines
Fuel Pressure Test Gauge Set,DE-GST-FUL-810,SN-DE-2026-BE0FA7,Diagnostic & Electrical,Brand New,A-07-01,106,19,In stock,2978.37,315707.22,2026-03-20,2026-03-22,2026-03-24,Mark Santos,Oriental Tools & Equipment
Battery Load Tester 100A,DE-BAT-100A-627,SN-DE-2026-6312A6,Diagnostic & Electrical,Brand New,F-02-03,70,22,In stock,2238.15,156670.50,2026-03-16,2026-03-19,2026-03-20,Mark Santos,Visayas Industrial Distribution
Ratchet Handle 1/2in Drive,HT-RTC-12D-462,N/A,Hand Tools,Brand New,C-01-06,182,13,In stock,1293.24,235369.68,2026-02-16,2026-02-18,2026-02-20,John Reyes,Kabuayan Tool Distro
Pneumatic Impact Gun 3/4in,PT-AIR-34I-778,SN-PT-2026-859A5E,Power Tools,Refurbished,F-04-01,13,11,Inspection,9164.39,119137.07,2026-07-05,Pending,Pending,Pending Inspection,Metro Tools Import Co.
Threadlocker Medium Blue 50ml,WS-TLK-BLU-552,LOT-2026-2291,Workshop Supplies & Fluids,Brand New,C-07-01,17,22,Inspection,600.47,10207.99,2026-07-01,Pending,Pending,Pending Inspection,Apex Automotive Supplies Inc.
Pneumatic Impact Gun 3/4in,PT-AIR-34I-757,SN-PT-2026-F9E646,Power Tools,Brand New,B-08-05,34,18,In stock,13242.49,450244.66,2026-05-18,2026-05-20,2026-05-22,Mark Santos,Pacific Rim Auto Parts
Heavy Duty Steel Car Ramps Pair,SE-RMP-HD2-572,SN-SE-2026-9F4502,Lifting & Shop Equipment,Brand New,B-04-03,20,16,Reserved,6148.00,122960.00,2026-04-24,2026-04-26,2026-04-28,Mark Santos,Pacific Rim Auto Parts
RTV Silicone Gasket Black 85g,WS-GSK-RTV-674,N/A,Workshop Supplies & Fluids,Brand New,E-04-04,54,13,In stock,320.64,17314.56,2026-09-29,2026-09-30,2026-10-02,Mark Santos,Metro Tools Import Co.
Brass Punch Set 5pc,HT-PCH-05P-143,N/A,Hand Tools,Used / Good,H-03-04,75,19,In stock,958.99,71924.25,2026-10-04,2026-10-05,2026-10-06,John Reyes,Luzon Machinery Supply
Ratchet Handle 1/2in Drive,HT-RTC-12D-502,LOT-2026-9533,Hand Tools,Brand New,A-06-03,153,22,In stock,665.50,101821.50,2026-03-03,2026-03-06,2026-03-08,Michael Ramos,Global Tech Hardware Philippines
Engine Hoist Crane Foldable 2 Ton,SE-HST-02T-430,SN-SE-2026-6007B4,Lifting & Shop Equipment,Refurbished,G-05-05,8,19,Low stock,18300.37,146402.96,2026-08-03,2026-08-04,2026-08-06,John Reyes,Kabuayan Tool Distro
Mechanic Plastic Creeper 40in,SE-CRP-40I-888,SN-SE-2026-47F3EB,Lifting & Shop Equipment,Brand New,A-02-08,216,20,In stock,2269.11,490127.76,2026-07-16,2026-07-19,2026-07-20,Joseph Bautista,Oriental Tools & Equipment
Angle Grinder 4.5in 850W,PT-GRN-45I-347,SN-PT-2026-AA2AC8,Power Tools,Brand New,H-04-01,13,15,Reserved,4170.86,54221.18,2026-09-24,2026-09-25,2026-09-26,Bong Garcia,Delta Auto Tools Direct
Reciprocating Saw 18V,PT-SAW-18V-178,SN-PT-2026-7A797F,Power Tools,Brand New,B-04-01,227,19,In stock,8781.08,1993305.16,2026-07-25,2026-07-26,2026-07-27,Mark Santos,Kabuayan Tool Distro
Infrared Thermometer Gun,DE-IRT-GUN-920,SN-DE-2026-194DE0,Diagnostic & Electrical,Used / Good,C-02-01,205,13,In stock,1243.74,254966.70,2026-04-22,2026-04-25,2026-04-26,Mark Santos,Visayas Industrial Distribution
Spark Plug Ignition Tester,DE-TST-SPK-579,SN-DE-2026-8B40FE,Diagnostic & Electrical,Brand New,C-04-06,25,21,Reserved,816.99,20424.75,2026-01-25,2026-01-27,2026-01-28,Reynaldo Cruz,Global Tech Hardware Philippines
Battery Load Tester 100A,DE-BAT-100A-108,SN-DE-2026-C36151,Diagnostic & Electrical,Brand New,D-03-05,48,25,In stock,2248.49,107927.52,2026-03-27,2026-03-30,2026-03-31,Mark Santos,Visayas Industrial Distribution
Strut Spring Compressor Pair,SM-STR-CMP-334,LOT-2026-8227,Specialty Mechanic Tools,Brand New,A-02-07,64,19,In stock,2308.80,147763.20,2026-04-02,2026-04-03,2026-04-04,Dave Mendoza,Global Tech Hardware Philippines
Tie Rod End & Pitman Arm Puller,SM-TRD-RMV-510,N/A,Specialty Mechanic Tools,Brand New,A-03-02,112,25,In stock,1171.30,131185.60,2026-03-08,2026-03-11,2026-03-12,John Reyes,Visayas Industrial Distribution
Mechanic Shop Towels 50pk,WS-TWL-50P-431,N/A,Workshop Supplies & Fluids,Brand New,E-08-02,82,22,In stock,665.99,54611.18,2026-08-03,2026-08-06,2026-08-08,Bong Garcia,Oriental Tools & Equipment
Wire Stripper & Crimper,HT-WSC-08I-706,LOT-2026-3943,Hand Tools,Used / Good,D-01-08,135,13,In stock,442.41,59725.35,2026-06-07,2026-06-10,2026-06-11,Bong Garcia,Manila Industrial Tools Corp.
Semi-Synthetic Oil 10W-40 4L,WS-OIL-10W40-832,LOT-2026-8833,Workshop Supplies & Fluids,Brand New,C-01-01,133,8,In stock,1864.49,247977.17,2026-02-27,2026-02-28,2026-03-01,Michael Ramos,Manila Industrial Tools Corp.
Electric Die Grinder 6mm,PT-DIE-06M-359,SN-PT-2026-114840,Power Tools,Brand New,E-08-04,176,24,In stock,5645.20,993555.20,2026-08-16,2026-08-19,2026-08-20,Dave Mendoza,Apex Automotive Supplies Inc.
Engine Timing Light Strobe,DE-TMG-STR-930,SN-DE-2026-E4B25A,Diagnostic & Electrical,Brand New,F-06-05,158,17,In stock,2761.74,436354.92,2026-06-02,2026-06-04,2026-06-06,Ariel Villanueva,Delta Auto Tools Direct
Hydraulic Shop Press 12 Ton,SE-PRS-12T-981,SN-SE-2026-C2F53E,Lifting & Shop Equipment,Brand New,A-04-05,63,10,In stock,17317.91,1091028.33,2026-05-31,2026-06-03,2026-06-05,Bong Garcia,Kabuayan Tool Distro
Air Angle Die Grinder,PT-AIR-ADG-204,SN-PT-2026-9C9068,Power Tools,Brand New,E-09-09,181,9,In stock,3346.89,605787.09,2026-06-05,2026-06-08,2026-06-10,Bong Garcia,Metro Tools Import Co.
Engine Hoist Crane Foldable 2 Ton,SE-HST-02T-280,SN-SE-2026-300259,Lifting & Shop Equipment,Brand New,F-04-09,107,6,In stock,17352.84,1856753.88,2026-08-16,2026-08-18,2026-08-20,Michael Ramos,Manila Industrial Tools Corp.
Synthetic Engine Oil 5W-30 4L,WS-OIL-5W30-919,N/A,Workshop Supplies & Fluids,Damaged / Defective,C-08-07,168,15,In stock,2970.99,499126.32,2026-10-01,2026-10-04,2026-10-06,Bong Garcia,Delta Auto Tools Direct
Infrared Thermometer Gun,DE-IRT-GUN-499,SN-DE-2026-F8D823,Diagnostic & Electrical,Brand New,E-09-01,221,5,In stock,1993.66,440598.86,2026-07-06,2026-07-07,2026-07-09,Mark Santos,Luzon Machinery Supply
Torque Wrench 1/2in Drive,HT-TRQ-12D-321,LOT-2026-1509,Hand Tools,Brand New,B-09-09,226,24,In stock,5022.55,1135096.30,2026-02-13,2026-02-14,2026-02-15,Ariel Villanueva,Kabuayan Tool Distro
Locking Pliers Vise-Grip 10in,HT-PLR-LK10-716,LOT-2026-2086,Hand Tools,Brand New,E-01-05,72,21,In stock,720.64,51886.08,2026-06-24,2026-06-27,2026-06-28,Ariel Villanueva,Visayas Industrial Distribution
Impact Screwdriver Kit,HT-SDR-IMP-209,LOT-2026-2418,Hand Tools,Brand New,G-02-03,30,11,Reserved,1656.43,49692.90,2026-06-27,2026-06-28,2026-06-29,Joseph Bautista,Visayas Industrial Distribution
Rubber Mallet 16oz,HT-MLT-16O-915,N/A,Hand Tools,Refurbished,F-08-07,4,9,Inspection,256.80,1027.20,2026-02-02,Pending,Pending,Pending Inspection,Manila Industrial Tools Corp.
Rolling Shop Stool Adjustable,SE-STL-RLG-460,SN-SE-2026-9B86D6,Lifting & Shop Equipment,Brand New,A-08-08,4,6,Low stock,1944.67,7778.68,2026-09-26,2026-09-27,2026-09-29,Bong Garcia,Apex Automotive Supplies Inc.
Cordless Impact Wrench 20V,PT-IMP-20V-978,SN-PT-2026-C1E27D,Power Tools,Brand New,F-05-05,182,24,In stock,8565.02,1558833.64,2026-04-26,2026-04-28,2026-04-29,Reynaldo Cruz,Pacific Rim Auto Parts
Valve Spring Compressor Tool,SM-VLV-CMP-427,LOT-2026-5146,Specialty Mechanic Tools,Brand New,H-06-08,184,24,In stock,1612.60,296718.40,2026-01-18,2026-01-21,2026-01-23,Joseph Bautista,Oriental Tools & Equipment
Engine Compression Tester Kit,DE-GST-CMP-857,SN-DE-2026-6B9A38,Diagnostic & Electrical,Brand New,H-05-02,11,13,Reserved,3498.55,38484.05,2026-09-22,2026-09-24,2026-09-26,Reynaldo Cruz,Metro Tools Import Co.
Ball Joint Press Removal Kit,SM-BLJ-SEP-102,N/A,Specialty Mechanic Tools,Brand New,E-01-02,24,24,Reserved,3212.91,77109.84,2026-03-04,2026-03-07,2026-03-09,Ariel Villanueva,Pacific Rim Auto Parts
Helicoil Thread Repair Kit M8,SM-THR-M08-724,LOT-2026-6315,Specialty Mechanic Tools,Brand New,F-04-09,199,8,In stock,1345.50,267754.50,2026-07-13,2026-07-15,2026-07-16,Ariel Villanueva,Luzon Machinery Supply
Brake Cleaner Spray 500ml,WS-SPR-BRK-912,LOT-2026-5816,Workshop Supplies & Fluids,Brand New,F-09-01,26,20,In stock,252.03,6552.78,2026-10-04,2026-10-07,2026-10-08,Bong Garcia,Apex Automotive Supplies Inc.
Engine Stand 1000lbs Rotating,SE-ENG-1000-494,SN-SE-2026-3D320B,Lifting & Shop Equipment,Brand New,A-07-06,15,13,In stock,5086.83,76302.45,2026-01-26,2026-01-29,2026-01-31,Joseph Bautista,Delta Auto Tools Direct
Wire Stripper & Crimper,HT-WSC-08I-728,LOT-2026-2094,Hand Tools,Refurbished,B-04-03,53,25,In stock,536.11,28413.83,2026-02-23,2026-02-24,2026-02-26,John Reyes,Manila Industrial Tools Corp.
Hydraulic Floor Jack 3 Ton,SE-JCK-03T-875,SN-SE-2026-DB3348,Lifting & Shop Equipment,Brand New,H-01-04,7,14,Low stock,9087.97,63615.79,2026-08-14,2026-08-15,2026-08-16,Michael Ramos,Pacific Rim Auto Parts
Angle Grinder 4.5in 850W,PT-GRN-45I-755,SN-PT-2026-841152,Power Tools,Brand New,A-06-05,7,22,Inspection,3737.78,26164.46,2026-07-31,Pending,Pending,Pending Inspection,Global Tech Hardware Philippines
Adjustable Pipe Wrench 18in,HT-PWR-18I-897,LOT-2026-6265,Hand Tools,Brand New,F-08-06,7,9,Low stock,1051.28,7358.96,2026-03-23,2026-03-26,2026-03-28,Reynaldo Cruz,Manila Industrial Tools Corp.
Pneumatic Air Ratchet 3/8in,PT-AIR-38R-496,SN-PT-2026-BB86BD,Power Tools,Brand New,A-02-02,56,17,In stock,4800.89,268849.84,2026-02-17,2026-02-19,2026-02-20,Bong Garcia,Kabuayan Tool Distro
Digital Multimeter Auto-Ranging,DE-MMT-DIGI-411,SN-DE-2026-690440,Diagnostic & Electrical,Brand New,C-08-06,287,8,In stock,1390.21,398990.27,2026-03-12,2026-03-13,2026-03-14,Michael Ramos,Kabuayan Tool Distro
Synthetic Engine Oil 5W-40 4L,WS-OIL-5W40-500,N/A,Workshop Supplies & Fluids,Brand New,C-04-04,267,25,In stock,2444.72,652740.24,2026-08-31,2026-09-01,2026-09-02,Michael Ramos,Delta Auto Tools Direct
Oil Filter Strap Wrench,SM-OFR-STP-669,LOT-2026-8442,Specialty Mechanic Tools,Refurbished,A-04-08,154,12,In stock,406.34,62576.36,2026-07-21,2026-07-24,2026-07-25,Michael Ramos,Kabuayan Tool Distro
Adjustable Pipe Wrench 14in,HT-PWR-14I-795,N/A,Hand Tools,Brand New,D-07-09,20,7,Reserved,887.16,17743.20,2026-01-25,2026-01-26,2026-01-28,Reynaldo Cruz,Pacific Rim Auto Parts
Cordless Drill Driver 18V,PT-DRL-18V-308,SN-PT-2026-B0482E,Power Tools,Brand New,C-05-09,2,5,Inspection,8427.02,16854.04,2026-06-13,Pending,Pending,Pending Inspection,Visayas Industrial Distribution
CV Axle Puller Attachment,SM-CVA-PLR-800,N/A,Specialty Mechanic Tools,Brand New,H-03-05,137,24,In stock,1572.65,215453.05,2026-09-08,2026-09-11,2026-09-13,Bong Garcia,Manila Industrial Tools Corp.
Battery Load Tester 100A,DE-BAT-100A-655,SN-DE-2026-B2EFEF,Diagnostic & Electrical,Brand New,F-01-08,18,22,Inspection,2019.93,36358.74,2026-01-11,Pending,Pending,Pending Inspection,Manila Industrial Tools Corp.
Anti-Seize Lubricant 200g,WS-LUB-ANZ-141,LOT-2026-4980,Workshop Supplies & Fluids,Used / Good,E-05-05,227,20,In stock,475.33,107899.91,2026-08-05,2026-08-06,2026-08-07,Dave Mendoza,Metro Tools Import Co.
Hydraulic Floor Jack 3 Ton,SE-JCK-03T-225,SN-SE-2026-B484D2,Lifting & Shop Equipment,Refurbished,E-09-08,265,21,In stock,6060.93,1606146.45,2026-03-09,2026-03-10,2026-03-12,Michael Ramos,Global Tech Hardware Philippines
Hydraulic Shop Press 12 Ton,SE-PRS-12T-533,SN-SE-2026-6E3617,Lifting & Shop Equipment,Brand New,F-01-02,18,22,Reserved,13408.84,241359.12,2026-04-21,2026-04-24,2026-04-26,Bong Garcia,Metro Tools Import Co.
DOT 4 Brake Fluid 1L,WS-FLD-DOT4-850,LOT-2026-8536,Workshop Supplies & Fluids,Brand New,C-05-02,22,15,Reserved,412.88,9083.36,2026-04-01,2026-04-02,2026-04-03,Ariel Villanueva,Metro Tools Import Co.
Parts Washer Tank 20 Gal,SE-WSH-20G-144,SN-SE-2026-660D30,Lifting & Shop Equipment,Refurbished,D-05-04,4,14,Inspection,11915.59,47662.36,2026-02-04,Pending,Pending,Pending Inspection,Luzon Machinery Supply
Jack Stands 3 Ton Steel Pair,SE-STD-03T-223,SN-SE-2026-4F44D7,Lifting & Shop Equipment,Refurbished,G-06-04,2,13,Low stock,3211.41,6422.82,2026-06-16,2026-06-19,2026-06-21,Michael Ramos,Kabuayan Tool Distro
Valve Spring Compressor Tool,SM-VLV-CMP-114,LOT-2026-2218,Specialty Mechanic Tools,Brand New,D-05-07,5,10,Low stock,2453.14,12265.70,2026-03-07,2026-03-09,2026-03-11,Mark Santos,Pacific Rim Auto Parts
Electric Die Grinder 6mm,PT-DIE-06M-196,SN-PT-2026-F2476B,Power Tools,Brand New,A-01-01,21,17,In stock,5015.91,105334.11,2026-01-09,2026-01-12,2026-01-13,John Reyes,Luzon Machinery Supply
Combination Wrench Set 12pc,HT-WRN-12P-602,N/A,Hand Tools,Brand New,A-06-08,61,5,In stock,1776.79,108384.19,2026-03-21,2026-03-23,2026-03-24,Mark Santos,Kabuayan Tool Distro
Engine Timing Light Strobe,DE-TMG-STR-134,SN-DE-2026-9770FB,Diagnostic & Electrical,Brand New,G-01-03,283,14,In stock,3772.99,1067756.17,2026-02-19,2026-02-21,2026-02-23,Reynaldo Cruz,Apex Automotive Supplies Inc.
Engine Compression Tester Kit,DE-GST-CMP-345,SN-DE-2026-19F780,Diagnostic & Electrical,Brand New,D-01-09,10,7,In stock,2245.84,22458.40,2026-01-26,2026-01-28,2026-01-29,Mark Santos,Kabuayan Tool Distro
Adjustable Pipe Wrench 18in,HT-PWR-18I-271,N/A,Hand Tools,Brand New,G-03-01,64,19,In stock,1769.57,113252.48,2026-04-02,2026-04-05,2026-04-06,Reynaldo Cruz,Manila Industrial Tools Corp.
Electric Die Grinder 6mm,PT-DIE-06M-551,SN-PT-2026-ED91E1,Power Tools,Brand New,F-07-02,84,7,In stock,5128.30,430777.20,2026-06-23,2026-06-25,2026-06-26,John Reyes,Delta Auto Tools Direct
Reciprocating Saw 18V,PT-SAW-18V-969,SN-PT-2026-BF2C91,Power Tools,Damaged / Defective,B-06-06,112,11,In stock,7103.79,795624.48,2026-02-21,2026-02-24,2026-02-26,Bong Garcia,Apex Automotive Supplies Inc.
Brake Caliper Piston Press Tool,SM-BRK-PST-239,N/A,Specialty Mechanic Tools,Damaged / Defective,D-07-03,24,24,Reserved,1082.75,25986.00,2026-07-26,2026-07-28,2026-07-30,Michael Ramos,Luzon Machinery Supply
Tie Rod End & Pitman Arm Puller,SM-TRD-RMV-158,N/A,Specialty Mechanic Tools,Brand New,G-03-07,181,12,In stock,836.76,151453.56,2026-03-17,2026-03-19,2026-03-21,Michael Ramos,Kabuayan Tool Distro
Spark Plug Magnetic Socket Set,SM-SCK-SPK-242,N/A,Specialty Mechanic Tools,Brand New,C-08-05,102,19,In stock,694.44,70832.88,2026-07-28,2026-07-30,2026-07-31,John Reyes,Oriental Tools & Equipment
3-Jaw Oil Filter Wrench,SM-OFR-3JW-775,LOT-2026-3535,Specialty Mechanic Tools,Brand New,B-07-03,5,10,Reserved,546.81,2734.05,2026-01-14,2026-01-17,2026-01-19,Ariel Villanueva,Global Tech Hardware Philippines
Bench Grinder 6in 350W,PT-BGN-06I-330,SN-PT-2026-9ADCD0,Power Tools,Brand New,A-07-08,13,5,Inspection,3045.79,39595.27,2026-09-24,Pending,Pending,Pending Inspection,Manila Industrial Tools Corp.
Digital Multimeter Auto-Ranging,DE-MMT-DIGI-421,SN-DE-2026-B00DC0,Diagnostic & Electrical,Brand New,C-09-05,50,22,In stock,3333.28,166664.00,2026-03-15,2026-03-17,2026-03-18,Bong Garcia,Pacific Rim Auto Parts
Carburetor Cleaner Spray 450ml,WS-SPR-CARB-847,LOT-2026-1538,Workshop Supplies & Fluids,Refurbished,B-07-09,17,25,Inspection,239.42,4070.14,2026-09-19,Pending,Pending,Pending Inspection,Delta Auto Tools Direct
Jack Stands 6 Ton Heavy Duty Pair,SE-STD-06T-280,SN-SE-2026-3A9CCF,Lifting & Shop Equipment,Brand New,F-07-08,198,21,In stock,4645.55,919818.90,2026-03-07,2026-03-08,2026-03-10,Ariel Villanueva,Delta Auto Tools Direct
Tie Rod End & Pitman Arm Puller,SM-TRD-RMV-310,N/A,Specialty Mechanic Tools,Refurbished,E-09-09,261,9,In stock,1016.06,265191.66,2026-01-18,2026-01-19,2026-01-20,Reynaldo Cruz,Luzon Machinery Supply
Circlip Snap Ring Pliers Set,HT-PLR-SNP-923,N/A,Hand Tools,Brand New,F-09-09,260,11,In stock,1323.92,344219.20,2026-03-28,2026-03-30,2026-03-31,Bong Garcia,Kabuayan Tool Distro
Needle Nose Pliers 8in,HT-PLR-ND8-447,LOT-2026-5156,Hand Tools,Brand New,G-09-01,291,6,In stock,601.82,175129.62,2026-04-22,2026-04-23,2026-04-25,Mark Santos,Apex Automotive Supplies Inc.
Air Compressor 50L 3HP,PT-CMP-50L-743,SN-PT-2026-6ABFB8,Power Tools,Brand New,B-09-08,7,9,Inspection,13885.13,97195.91,2026-03-23,Pending,Pending,Pending Inspection,Apex Automotive Supplies Inc.
Adjustable Pipe Wrench 14in,HT-PWR-14I-645,N/A,Hand Tools,Brand New,B-05-03,25,24,Reserved,837.97,20949.25,2026-05-28,2026-05-29,2026-05-30,John Reyes,Oriental Tools & Equipment
Bench Grinder 6in 350W,PT-BGN-06I-513,SN-PT-2026-F786B3,Power Tools,Brand New,B-07-01,2,7,Low stock,4137.33,8274.66,2026-03-08,2026-03-09,2026-03-10,Ariel Villanueva,Kabuayan Tool Distro
Pneumatic Air Ratchet 3/8in,PT-AIR-38R-913,SN-PT-2026-130E0B,Power Tools,Brand New,A-06-03,19,22,Reserved,3759.47,71429.93,2026-07-04,2026-07-06,2026-07-07,Ariel Villanueva,Metro Tools Import Co.
Tie Rod End & Pitman Arm Puller,SM-TRD-RMV-394,N/A,Specialty Mechanic Tools,Brand New,F-04-09,3,13,Low stock,1430.68,4292.04,2026-03-22,2026-03-25,2026-03-27,Michael Ramos,Metro Tools Import Co.
RTV Silicone Gasket Black 85g,WS-GSK-RTV-556,N/A,Workshop Supplies & Fluids,Brand New,F-09-02,148,6,In stock,409.22,60564.56,2026-07-20,2026-07-23,2026-07-24,Bong Garcia,Luzon Machinery Supply
Adjustable Pipe Wrench 18in,HT-PWR-18I-689,LOT-2026-4605,Hand Tools,Brand New,A-06-05,25,19,In stock,1449.38,36234.50,2026-04-27,2026-04-28,2026-04-30,John Reyes,Delta Auto Tools Direct
Rolling Shop Stool Adjustable,SE-STL-RLG-576,SN-SE-2026-A90C82,Lifting & Shop Equipment,Brand New,D-06-06,230,24,In stock,2134.53,490941.90,2026-06-06,2026-06-07,2026-06-08,John Reyes,Visayas Industrial Distribution
Breaker Bar 24in,HT-BKB-24I-528,LOT-2026-7255,Hand Tools,Brand New,A-01-05,225,9,In stock,1250.09,281270.25,2026-07-01,2026-07-02,2026-07-04,Mark Santos,Metro Tools Import Co.
Heavy Duty Steel Car Ramps Pair,SE-RMP-HD2-280,SN-SE-2026-B042FC,Lifting & Shop Equipment,Brand New,C-03-06,233,12,In stock,3381.14,787805.62,2026-09-30,2026-10-02,2026-10-04,Bong Garcia,Delta Auto Tools Direct
Heat Gun 2000W Dual Temp,PT-HTG-20K-836,SN-PT-2026-D92AF8,Power Tools,Brand New,H-02-07,65,7,In stock,1210.73,78697.45,2026-09-13,2026-09-15,2026-09-16,John Reyes,Manila Industrial Tools Corp.
Vacuum Brake Bleeder Kit,SM-BRK-VAC-272,LOT-2026-3372,Specialty Mechanic Tools,Used / Good,H-09-05,5,20,Reserved,3096.08,15480.40,2026-09-24,2026-09-26,2026-09-28,Joseph Bautista,Global Tech Hardware Philippines
Vacuum Brake Bleeder Kit,SM-BRK-VAC-153,LOT-2026-8193,Specialty Mechanic Tools,Brand New,C-07-07,5,9,Low stock,2938.53,14692.65,2026-05-20,2026-05-22,2026-05-24,Dave Mendoza,Metro Tools Import Co.
Cordless Drill Driver 18V,PT-DRL-18V-313,SN-PT-2026-277A74,Power Tools,Brand New,C-01-01,246,20,In stock,5904.10,1452408.60,2026-07-10,2026-07-11,2026-07-13,Joseph Bautista,Metro Tools Import Co.
Mechanic Shop Towels 50pk,WS-TWL-50P-719,LOT-2026-1579,Workshop Supplies & Fluids,Brand New,E-04-09,16,17,Inspection,662.64,10602.24,2026-04-18,Pending,Pending,Pending Inspection,Apex Automotive Supplies Inc.
Heat Gun 2000W Dual Temp,PT-HTG-20K-543,SN-PT-2026-3A9796,Power Tools,Used / Good,B-09-08,14,21,Low stock,2712.05,37968.70,2026-08-27,2026-08-28,2026-08-29,Dave Mendoza,Oriental Tools & Equipment
Socket Set 24pc Metric,HT-SCK-24M-679,N/A,Hand Tools,Refurbished,A-04-02,67,20,In stock,2691.40,180323.80,2026-07-11,2026-07-12,2026-07-13,Joseph Bautista,Manila Industrial Tools Corp.
Circuit Tester Light 12V-24V,DE-TST-CKT-445,SN-DE-2026-8CCE7D,Diagnostic & Electrical,Brand New,C-04-05,269,15,In stock,424.85,114284.65,2026-07-26,2026-07-27,2026-07-29,John Reyes,Luzon Machinery Supply
Low Profile Floor Jack 3.5 Ton,SE-JCK-35LP-825,SN-SE-2026-6FF31B,Lifting & Shop Equipment,Brand New,A-09-01,175,13,In stock,5825.63,1019485.25,2026-05-27,2026-05-29,2026-05-30,Ariel Villanueva,Delta Auto Tools Direct
Amp Clamp Meter AC/DC,DE-MMT-AMP-750,SN-DE-2026-957F2F,Diagnostic & Electrical,Brand New,H-09-08,39,15,In stock,2178.29,84953.31,2026-06-15,2026-06-16,2026-06-18,Reynaldo Cruz,Oriental Tools & Equipment
Ratchet Handle 1/2in Drive,HT-RTC-12D-313,N/A,Hand Tools,Brand New,F-04-07,30,7,Reserved,1314.71,39441.30,2026-01-15,2026-01-18,2026-01-19,Reynaldo Cruz,Visayas Industrial Distribution
Tie Rod End & Pitman Arm Puller,SM-TRD-RMV-949,LOT-2026-6527,Specialty Mechanic Tools,Brand New,A-02-07,240,24,In stock,808.03,193927.20,2026-05-27,2026-05-29,2026-05-31,Reynaldo Cruz,Pacific Rim Auto Parts
Digital Multimeter Auto-Ranging,DE-MMT-DIGI-464,SN-DE-2026-1CB78A,Diagnostic & Electrical,Brand New,B-07-03,9,16,Inspection,2807.45,25267.05,2026-03-29,Pending,Pending,Pending Inspection,Delta Auto Tools Direct
Synthetic Engine Oil 5W-30 4L,WS-OIL-5W30-975,N/A,Workshop Supplies & Fluids,Brand New,G-04-04,44,10,In stock,2570.12,113085.28,2026-01-31,2026-02-02,2026-02-04,Reynaldo Cruz,Kabuayan Tool Distro
Circuit Tester Light 12V-24V,DE-TST-CKT-327,SN-DE-2026-A0F2E2,Diagnostic & Electrical,Brand New,H-02-04,123,12,In stock,451.34,55514.82,2026-06-13,2026-06-14,2026-06-16,Bong Garcia,Oriental Tools & Equipment
Circuit Tester Light 12V-24V,DE-TST-CKT-376,SN-DE-2026-AB3CE4,Diagnostic & Electrical,Brand New,H-04-03,274,13,In stock,224.16,61419.84,2026-09-14,2026-09-15,2026-09-17,Bong Garcia,Luzon Machinery Supply
Strut Spring Compressor Pair,SM-STR-CMP-548,N/A,Specialty Mechanic Tools,Brand New,D-04-09,6,9,Low stock,2180.65,13083.90,2026-02-08,2026-02-11,2026-02-13,Michael Ramos,Kabuayan Tool Distro
Impact Screwdriver Kit,HT-SDR-IMP-453,LOT-2026-5696,Hand Tools,Brand New,E-06-02,202,11,In stock,1583.68,319903.36,2026-03-22,2026-03-24,2026-03-26,Reynaldo Cruz,Delta Auto Tools Direct
Automatic Transmission Fluid 1L,WS-FLD-ATF1-773,LOT-2026-1463,Workshop Supplies & Fluids,Used / Good,B-01-03,246,7,In stock,767.66,188844.36,2026-09-09,2026-09-11,2026-09-13,Joseph Bautista,Visayas Industrial Distribution
Mechanic Plastic Creeper 40in,SE-CRP-40I-790,SN-SE-2026-12D631,Lifting & Shop Equipment,Brand New,H-02-05,21,22,Reserved,2558.39,53726.19,2026-06-07,2026-06-10,2026-06-12,Ariel Villanueva,Apex Automotive Supplies Inc.
Torque Wrench 1/2in Drive,HT-TRQ-12D-767,LOT-2026-4730,Hand Tools,Refurbished,F-04-05,3,13,Inspection,7404.40,22213.20,2026-02-23,Pending,Pending,Pending Inspection,Delta Auto Tools Direct
Heavy Duty Hand Cleaner 3.78L,WS-HND-378-941,N/A,Workshop Supplies & Fluids,Brand New,B-04-06,220,13,In stock,2086.33,458992.60,2026-06-29,2026-07-01,2026-07-03,Reynaldo Cruz,Oriental Tools & Equipment
Hydraulic Bottle Jack 10 Ton,SE-BTL-10T-807,SN-SE-2026-F57D89,Lifting & Shop Equipment,Refurbished,C-02-04,222,17,In stock,2062.53,457881.66,2026-01-07,2026-01-08,2026-01-10,Bong Garcia,Oriental Tools & Equipment
Cordless Drill Driver 18V,PT-DRL-18V-441,SN-PT-2026-874266,Power Tools,Refurbished,E-06-08,30,5,Reserved,4538.57,136157.10,2026-08-16,2026-08-19,2026-08-20,Ariel Villanueva,Visayas Industrial Distribution
Fluid Transfer Hand Pump,SM-PMP-FLD-606,LOT-2026-6652,Specialty Mechanic Tools,Brand New,B-05-06,230,23,In stock,829.84,190863.20,2026-06-12,2026-06-14,2026-06-16,Ariel Villanueva,Pacific Rim Auto Parts
Hex Key Allen Set Metric,HT-HEX-MET-469,LOT-2026-9949,Hand Tools,Refurbished,F-02-07,18,14,Inspection,345.48,6218.64,2026-09-10,Pending,Pending,Pending Inspection,Kabuayan Tool Distro
Torx Key Set T10-T50,HT-TRX-T50-292,LOT-2026-4264,Hand Tools,Brand New,G-02-06,280,14,In stock,561.35,157178.00,2026-07-28,2026-07-31,2026-08-02,Dave Mendoza,Manila Industrial Tools Corp.
Cordless Impact Wrench 20V,PT-IMP-20V-174,SN-PT-2026-D4568A,Power Tools,Brand New,H-08-02,107,19,In stock,13167.87,1408962.09,2026-06-17,2026-06-19,2026-06-21,Bong Garcia,Manila Industrial Tools Corp.
Oil Filter Strap Wrench,SM-OFR-STP-587,LOT-2026-2431,Specialty Mechanic Tools,Brand New,E-03-04,21,19,Reserved,572.31,12018.51,2026-01-16,2026-01-17,2026-01-19,John Reyes,Delta Auto Tools Direct
3-Jaw Gear Puller 6in,SM-PLR-3J6-858,N/A,Specialty Mechanic Tools,Used / Good,B-02-02,7,21,Low stock,1111.67,7781.69,2026-05-24,2026-05-26,2026-05-27,Dave Mendoza,Metro Tools Import Co.
Amp Clamp Meter AC/DC,DE-MMT-AMP-223,SN-DE-2026-77773A,Diagnostic & Electrical,Brand New,G-05-05,130,23,In stock,3496.99,454608.70,2026-07-27,2026-07-29,2026-07-31,Reynaldo Cruz,Visayas Industrial Distribution
Engine Timing Light Strobe,DE-TMG-STR-301,SN-DE-2026-D4772A,Diagnostic & Electrical,Brand New,D-04-07,92,7,In stock,3742.26,344287.92,2026-09-07,2026-09-09,2026-09-10,John Reyes,Kabuayan Tool Distro
Penetrating Oil Spray 400ml,WS-SPR-PNT-378,LOT-2026-3833,Workshop Supplies & Fluids,Brand New,A-05-05,157,5,In stock,277.93,43635.01,2026-09-24,2026-09-25,2026-09-27,Reynaldo Cruz,Kabuayan Tool Distro
Amp Clamp Meter AC/DC,DE-MMT-AMP-317,SN-DE-2026-44EDE4,Diagnostic & Electrical,Refurbished,G-05-03,71,23,In stock,4567.19,324270.49,2026-09-18,2026-09-19,2026-09-21,Bong Garcia,Delta Auto Tools Direct
Hydraulic Shop Press 12 Ton,SE-PRS-12T-993,SN-SE-2026-71DBA7,Lifting & Shop Equipment,Used / Good,E-02-02,2,14,Low stock,18923.93,37847.86,2026-07-22,2026-07-23,2026-07-25,John Reyes,Apex Automotive Supplies Inc.
Spark Plug Ignition Tester,DE-TST-SPK-254,SN-DE-2026-BD9E4D,Diagnostic & Electrical,Brand New,A-08-09,88,14,In stock,547.72,48199.36,2026-07-18,2026-07-19,2026-07-21,Bong Garcia,Delta Auto Tools Direct
Ball Joint Press Removal Kit,SM-BLJ-SEP-468,N/A,Specialty Mechanic Tools,Brand New,A-09-05,6,24,Reserved,2731.57,16389.42,2026-03-16,2026-03-19,2026-03-21,Michael Ramos,Luzon Machinery Supply
Hydraulic Floor Jack 3 Ton,SE-JCK-03T-432,SN-SE-2026-B0BDA4,Lifting & Shop Equipment,Used / Good,A-03-01,287,25,In stock,5379.23,1543839.01,2026-01-19,2026-01-21,2026-01-22,Ariel Villanueva,Metro Tools Import Co.
Amp Clamp Meter AC/DC,DE-MMT-AMP-474,SN-DE-2026-9586AB,Diagnostic & Electrical,Refurbished,C-06-04,7,19,Inspection,4065.63,28459.41,2026-10-02,Pending,Pending,Pending Inspection,Manila Industrial Tools Corp.
Pneumatic Impact Gun 1/2in,PT-AIR-12I-510,SN-PT-2026-3BD054,Power Tools,Brand New,G-06-01,10,13,Low stock,8385.68,83856.80,2026-04-23,2026-04-24,2026-04-26,Mark Santos,Kabuayan Tool Distro
Amp Clamp Meter AC/DC,DE-MMT-AMP-930,SN-DE-2026-DF59B7,Diagnostic & Electrical,Brand New,H-08-02,223,5,In stock,2420.18,539700.14,2026-08-14,2026-08-16,2026-08-18,Bong Garcia,Kabuayan Tool Distro
Fuel Pressure Test Gauge Set,DE-GST-FUL-956,SN-DE-2026-246B10,Diagnostic & Electrical,Brand New,D-09-01,159,13,In stock,3944.35,627151.65,2026-06-13,2026-06-16,2026-06-18,Dave Mendoza,Delta Auto Tools Direct
Anti-Seize Lubricant 200g,WS-LUB-ANZ-975,LOT-2026-4123,Workshop Supplies & Fluids,Brand New,C-05-01,67,22,In stock,633.42,42439.14,2026-08-15,2026-08-16,2026-08-17,Joseph Bautista,Kabuayan Tool Distro
Circuit Tester Light 12V-24V,DE-TST-CKT-982,SN-DE-2026-1D66D8,Diagnostic & Electrical,Brand New,G-06-04,5,21,Reserved,333.73,1668.65,2026-06-17,2026-06-20,2026-06-21,Dave Mendoza,Oriental Tools & Equipment
Heavy Duty Hand Cleaner 3.78L,WS-HND-378-778,N/A,Workshop Supplies & Fluids,Brand New,H-04-02,83,8,In stock,1362.59,113094.97,2026-04-05,2026-04-07,2026-04-09,Dave Mendoza,Luzon Machinery Supply
Low Profile Floor Jack 3.5 Ton,SE-JCK-35LP-845,SN-SE-2026-72536F,Lifting & Shop Equipment,Brand New,H-02-07,1,11,Low stock,9154.79,9154.79,2026-03-22,2026-03-24,2026-03-26,John Reyes,Kabuayan Tool Distro
Engine Stand 1000lbs Rotating,SE-ENG-1000-940,SN-SE-2026-9D2F45,Lifting & Shop Equipment,Brand New,C-08-07,263,10,In stock,5467.76,1438020.88,2026-01-06,2026-01-08,2026-01-09,Mark Santos,Apex Automotive Supplies Inc.
Spark Plug Ignition Tester,DE-TST-SPK-809,SN-DE-2026-2A3AEE,Diagnostic & Electrical,Brand New,B-07-05,218,10,In stock,394.55,86011.90,2026-06-14,2026-06-15,2026-06-16,Bong Garcia,Pacific Rim Auto Parts
Waste Oil Drain Pan 15L,SE-PAN-15L-558,SN-SE-2026-156445,Lifting & Shop Equipment,Used / Good,B-09-05,11,16,Low stock,834.33,9177.63,2026-07-06,2026-07-09,2026-07-10,Bong Garcia,Oriental Tools & Equipment
3-Jaw Gear Puller 6in,SM-PLR-3J6-632,N/A,Specialty Mechanic Tools,Brand New,F-06-08,25,10,In stock,2066.82,51670.50,2026-04-25,2026-04-26,2026-04-28,Joseph Bautista,Luzon Machinery Supply
Torx Key Set T10-T50,HT-TRX-T50-149,LOT-2026-8356,Hand Tools,Brand New,E-08-08,218,24,In stock,787.05,171576.90,2026-08-20,2026-08-23,2026-08-24,Ariel Villanueva,Visayas Industrial Distribution
Brake Caliper Piston Press Tool,SM-BRK-PST-578,LOT-2026-6143,Specialty Mechanic Tools,Refurbished,D-06-09,2,18,Low stock,1186.47,2372.94,2026-08-03,2026-08-06,2026-08-08,John Reyes,Manila Industrial Tools Corp.
Engine Hoist Crane Foldable 2 Ton,SE-HST-02T-550,SN-SE-2026-BA6374,Lifting & Shop Equipment,Brand New,D-06-01,162,19,In stock,15460.97,2504677.14,2026-04-07,2026-04-08,2026-04-09,Michael Ramos,Visayas Industrial Distribution
Mechanic Shop Towels 50pk,WS-TWL-50P-339,LOT-2026-2508,Workshop Supplies & Fluids,Brand New,D-08-07,114,17,In stock,588.55,67094.70,2026-03-03,2026-03-06,2026-03-07,Reynaldo Cruz,Kabuayan Tool Distro
Hydraulic Bottle Jack 20 Ton,SE-BTL-20T-154,SN-SE-2026-2A6DB5,Lifting & Shop Equipment,Brand New,E-07-04,164,5,In stock,4443.38,728714.32,2026-08-01,2026-08-04,2026-08-06,Joseph Bautista,Manila Industrial Tools Corp.
Piston Ring Compressor 3in,SM-PST-RNG3-369,LOT-2026-4065,Specialty Mechanic Tools,Brand New,F-03-07,2,11,Low stock,593.53,1187.06,2026-09-12,2026-09-15,2026-09-16,Bong Garcia,Luzon Machinery Supply
Brake Cleaner Spray 500ml,WS-SPR-BRK-844,LOT-2026-7804,Workshop Supplies & Fluids,Refurbished,D-09-03,12,18,Inspection,202.27,2427.24,2026-01-21,Pending,Pending,Pending Inspection,Global Tech Hardware Philippines
Wire Stripper & Crimper,HT-WSC-08I-939,LOT-2026-7993,Hand Tools,Brand New,F-08-06,113,17,In stock,619.09,69957.17,2026-07-20,2026-07-22,2026-07-24,Ariel Villanueva,Apex Automotive Supplies Inc.
Helicoil Thread Repair Kit M10,SM-THR-M10-883,N/A,Specialty Mechanic Tools,Brand New,B-03-03,158,18,In stock,1241.47,196152.26,2026-01-16,2026-01-19,2026-01-20,Joseph Bautista,Visayas Industrial Distribution
Radiator Pressure Tester Kit,DE-GST-RAD-485,SN-DE-2026-50F151,Diagnostic & Electrical,Brand New,H-09-01,14,9,Reserved,4296.74,60154.36,2026-08-17,2026-08-18,2026-08-20,Mark Santos,Oriental Tools & Equipment
Hydraulic Bottle Jack 20 Ton,SE-BTL-20T-522,SN-SE-2026-A8F621,Lifting & Shop Equipment,Brand New,A-05-01,12,24,Low stock,5615.32,67383.84,2026-09-11,2026-09-13,2026-09-15,John Reyes,Manila Industrial Tools Corp.
Circuit Tester Light 12V-24V,DE-TST-CKT-203,SN-DE-2026-7C456D,Diagnostic & Electrical,Brand New,D-01-08,251,6,In stock,377.04,94637.04,2026-06-10,2026-06-11,2026-06-13,Mark Santos,Apex Automotive Supplies Inc.
Engine Timing Light Strobe,DE-TMG-STR-149,SN-DE-2026-1B57F8,Diagnostic & Electrical,Brand New,C-09-07,229,19,In stock,3470.60,794767.40,2026-05-10,2026-05-13,2026-05-15,Reynaldo Cruz,Delta Auto Tools Direct
Hydraulic Bottle Jack 20 Ton,SE-BTL-20T-777,SN-SE-2026-825D6C,Lifting & Shop Equipment,Brand New,C-03-07,110,17,In stock,3519.60,387156.00,2026-01-14,2026-01-16,2026-01-18,Bong Garcia,Metro Tools Import Co.
Automatic Transmission Fluid 1L,WS-FLD-ATF1-687,N/A,Workshop Supplies & Fluids,Brand New,B-06-05,5,9,Low stock,806.58,4032.90,2026-06-25,2026-06-26,2026-06-28,Bong Garcia,Kabuayan Tool Distro
Brass Punch Set 5pc,HT-PCH-05P-549,N/A,Hand Tools,Brand New,C-06-06,145,6,In stock,807.08,117026.60,2026-03-21,2026-03-22,2026-03-24,Dave Mendoza,Oriental Tools & Equipment
Tie Rod End & Pitman Arm Puller,SM-TRD-RMV-495,LOT-2026-2847,Specialty Mechanic Tools,Refurbished,A-09-08,231,8,In stock,1624.97,375368.07,2026-01-29,2026-01-30,2026-02-01,Michael Ramos,Global Tech Hardware Philippines
Heavy Duty Steel Car Ramps Pair,SE-RMP-HD2-562,SN-SE-2026-AC63EB,Lifting & Shop Equipment,Refurbished,C-03-07,23,6,In stock,3996.89,91928.47,2026-09-09,2026-09-12,2026-09-14,Joseph Bautista,Luzon Machinery Supply
Fuel Pressure Test Gauge Set,DE-GST-FUL-646,SN-DE-2026-1B4FD0,Diagnostic & Electrical,Brand New,A-02-05,26,7,In stock,4545.87,118192.62,2026-03-10,2026-03-11,2026-03-12,Dave Mendoza,Manila Industrial Tools Corp.
Needle Nose Pliers 8in,HT-PLR-ND8-484,LOT-2026-9741,Hand Tools,Brand New,C-09-08,16,20,Low stock,355.06,5680.96,2026-09-08,2026-09-11,2026-09-12,Michael Ramos,Manila Industrial Tools Corp.
Amp Clamp Meter AC/DC,DE-MMT-AMP-948,SN-DE-2026-D766A7,Diagnostic & Electrical,Brand New,G-09-09,213,7,In stock,2421.75,515832.75,2026-06-09,2026-06-10,2026-06-11,Ariel Villanueva,Visayas Industrial Distribution
Combination Wrench 10mm,HT-WRN-10M-194,LOT-2026-8015,Hand Tools,Brand New,A-06-07,10,7,Reserved,340.03,3400.30,2026-02-28,2026-03-01,2026-03-02,Bong Garcia,Luzon Machinery Supply
Ball Joint Press Removal Kit,SM-BLJ-SEP-823,N/A,Specialty Mechanic Tools,Brand New,A-03-04,179,9,In stock,5154.26,922612.54,2026-01-25,2026-01-26,2026-01-28,Bong Garcia,Pacific Rim Auto Parts
Pneumatic Oil Extractor 9L,SE-EXT-09L-166,SN-SE-2026-43D026,Lifting & Shop Equipment,Brand New,D-02-05,200,18,In stock,5717.21,1143442.00,2026-02-21,2026-02-22,2026-02-24,John Reyes,Pacific Rim Auto Parts
Deep Impact Socket Set 1/2in,HT-SCK-IMP12-273,LOT-2026-3237,Hand Tools,Brand New,G-04-06,13,15,Low stock,4323.99,56211.87,2026-09-01,2026-09-02,2026-09-04,Dave Mendoza,Kabuayan Tool Distro
Vacuum Brake Bleeder Kit,SM-BRK-VAC-650,LOT-2026-5656,Specialty Mechanic Tools,Brand New,D-07-05,31,6,In stock,1705.29,52863.99,2026-06-04,2026-06-05,2026-06-06,Dave Mendoza,Metro Tools Import Co.
Torque Wrench 1/2in Drive,HT-TRQ-12D-425,N/A,Hand Tools,Brand New,G-09-05,6,20,Inspection,3287.90,19727.40,2026-06-20,Pending,Pending,Pending Inspection,Apex Automotive Supplies Inc.
Tie Rod End & Pitman Arm Puller,SM-TRD-RMV-299,LOT-2026-2349,Specialty Mechanic Tools,Refurbished,B-05-04,201,15,In stock,879.04,176687.04,2026-02-27,2026-03-01,2026-03-03,Bong Garcia,Global Tech Hardware Philippines
OBD2 Automotive Scanner Tool,DE-SCN-OBD2-210,SN-DE-2026-2C4601,Diagnostic & Electrical,Refurbished,F-04-02,15,18,Low stock,5679.96,85199.40,2026-02-07,2026-02-08,2026-02-09,Ariel Villanueva,Apex Automotive Supplies Inc.
Valve Spring Compressor Tool,SM-VLV-CMP-391,LOT-2026-4098,Specialty Mechanic Tools,Brand New,H-08-09,153,22,In stock,2232.24,341532.72,2026-05-21,2026-05-22,2026-05-23,Michael Ramos,Delta Auto Tools Direct
Cordless Drill Driver 18V,PT-DRL-18V-705,SN-PT-2026-8D353E,Power Tools,Brand New,B-03-06,57,24,In stock,7807.07,445002.99,2026-01-13,2026-01-14,2026-01-16,Michael Ramos,Visayas Industrial Distribution
Vacuum Brake Bleeder Kit,SM-BRK-VAC-135,N/A,Specialty Mechanic Tools,Brand New,D-06-03,2,14,Inspection,2779.70,5559.40,2026-01-12,Pending,Pending,Pending Inspection,Luzon Machinery Supply
Synthetic Engine Oil 5W-30 4L,WS-OIL-5W30-167,N/A,Workshop Supplies & Fluids,Brand New,A-07-07,223,23,In stock,2241.62,499881.26,2026-07-24,2026-07-27,2026-07-29,Mark Santos,Global Tech Hardware Philippines
Angle Grinder 4.5in 850W,PT-GRN-45I-134,SN-PT-2026-89557D,Power Tools,Brand New,B-06-04,10,17,Low stock,2368.30,23683.00,2026-08-21,2026-08-22,2026-08-24,Dave Mendoza,Kabuayan Tool Distro
Hydraulic Shop Press 20 Ton,SE-PRS-20T-488,SN-SE-2026-EB1EE7,Lifting & Shop Equipment,Brand New,B-02-09,37,6,In stock,18234.70,674683.90,2026-08-15,2026-08-17,2026-08-18,Joseph Bautista,Manila Industrial Tools Corp.
Circlip Snap Ring Pliers Set,HT-PLR-SNP-906,N/A,Hand Tools,Brand New,C-07-05,84,25,In stock,845.29,71004.36,2026-02-20,2026-02-21,2026-02-22,John Reyes,Visayas Industrial Distribution
Jack Stands 6 Ton Heavy Duty Pair,SE-STD-06T-870,SN-SE-2026-58904C,Lifting & Shop Equipment,Brand New,H-04-03,164,9,In stock,5845.89,958725.96,2026-01-29,2026-01-31,2026-02-02,Dave Mendoza,Global Tech Hardware Philippines
Synthetic Engine Oil 5W-40 4L,WS-OIL-5W40-905,N/A,Workshop Supplies & Fluids,Brand New,B-09-06,27,11,In stock,1907.52,51503.04,2026-01-20,2026-01-23,2026-01-24,Ariel Villanueva,Oriental Tools & Equipment
Tie Rod End & Pitman Arm Puller,SM-TRD-RMV-748,N/A,Specialty Mechanic Tools,Brand New,B-05-04,201,6,In stock,1522.81,306084.81,2026-07-14,2026-07-17,2026-07-19,Joseph Bautista,Pacific Rim Auto Parts
Strut Spring Compressor Pair,SM-STR-CMP-741,LOT-2026-1660,Specialty Mechanic Tools,Used / Good,D-01-07,164,23,In stock,2688.62,440933.68,2026-09-13,2026-09-15,2026-09-16,Joseph Bautista,Luzon Machinery Supply
Infrared Thermometer Gun,DE-IRT-GUN-475,SN-DE-2026-19851E,Diagnostic & Electrical,Brand New,G-09-05,3,6,Inspection,1154.76,3464.28,2026-04-20,Pending,Pending,Pending Inspection,Metro Tools Import Co.
Ball Joint Press Removal Kit,SM-BLJ-SEP-438,N/A,Specialty Mechanic Tools,Brand New,F-09-03,195,19,In stock,2328.04,453967.80,2026-05-19,2026-05-21,2026-05-22,Reynaldo Cruz,Luzon Machinery Supply
Spark Plug Ignition Tester,DE-TST-SPK-321,SN-DE-2026-CADD34,Diagnostic & Electrical,Brand New,A-09-06,222,15,In stock,485.94,107878.68,2026-05-20,2026-05-23,2026-05-24,Bong Garcia,Visayas Industrial Distribution
Socket Set 24pc Metric,HT-SCK-24M-257,LOT-2026-2001,Hand Tools,Used / Good,E-03-07,25,22,Reserved,1865.05,46626.25,2026-05-02,2026-05-04,2026-05-05,Bong Garcia,Metro Tools Import Co.
Engine Compression Tester Kit,DE-GST-CMP-948,SN-DE-2026-B839FA,Diagnostic & Electrical,Brand New,E-03-03,275,18,In stock,4091.67,1125209.25,2026-08-23,2026-08-24,2026-08-25,Mark Santos,Kabuayan Tool Distro
Digital Multimeter Auto-Ranging,DE-MMT-DIGI-539,SN-DE-2026-11AF3D,Diagnostic & Electrical,Brand New,E-08-01,4,25,Low stock,2258.30,9033.20,2026-06-22,2026-06-25,2026-06-26,Bong Garcia,Pacific Rim Auto Parts
Locking Pliers Vise-Grip 10in,HT-PLR-LK10-156,LOT-2026-9497,Hand Tools,Brand New,H-06-03,244,25,In stock,823.30,200885.20,2026-07-23,2026-07-25,2026-07-26,Joseph Bautista,Kabuayan Tool Distro
Heavy Duty Steel Car Ramps Pair,SE-RMP-HD2-439,SN-SE-2026-E65180,Lifting & Shop Equipment,Brand New,G-03-05,14,11,Reserved,5680.93,79533.02,2026-07-05,2026-07-07,2026-07-08,Michael Ramos,Kabuayan Tool Distro
CV Axle Puller Attachment,SM-CVA-PLR-988,N/A,Specialty Mechanic Tools,Brand New,B-09-03,10,6,Reserved,1859.76,18597.60,2026-07-16,2026-07-19,2026-07-20,Reynaldo Cruz,Kabuayan Tool Distro
Hydraulic Shop Press 20 Ton,SE-PRS-20T-749,SN-SE-2026-937574,Lifting & Shop Equipment,Brand New,H-08-08,141,6,In stock,19107.29,2694127.89,2026-05-18,2026-05-20,2026-05-22,John Reyes,Luzon Machinery Supply
RTV Silicone Gasket Black 85g,WS-GSK-RTV-860,N/A,Workshop Supplies & Fluids,Brand New,H-06-08,192,21,In stock,431.51,82849.92,2026-04-11,2026-04-14,2026-04-15,Ariel Villanueva,Global Tech Hardware Philippines
3-Jaw Gear Puller 6in,SM-PLR-3J6-207,N/A,Specialty Mechanic Tools,Brand New,F-06-05,67,15,In stock,1711.24,114653.08,2026-03-13,2026-03-15,2026-03-17,John Reyes,Luzon Machinery Supply
Needle Nose Pliers 8in,HT-PLR-ND8-266,LOT-2026-6202,Hand Tools,Refurbished,D-05-09,229,13,In stock,362.00,82898.00,2026-07-15,2026-07-17,2026-07-19,John Reyes,Pacific Rim Auto Parts
Hex Key Allen Set Metric,HT-HEX-MET-433,N/A,Hand Tools,Brand New,G-04-02,23,22,Reserved,411.68,9468.64,2026-03-09,2026-03-10,2026-03-12,Ariel Villanueva,Apex Automotive Supplies Inc.
Mechanic Shop Towels 50pk,WS-TWL-50P-288,N/A,Workshop Supplies & Fluids,Brand New,D-08-02,218,23,In stock,1029.17,224359.06,2026-01-06,2026-01-08,2026-01-09,Bong Garcia,Kabuayan Tool Distro
Heat Gun 2000W Dual Temp,PT-HTG-20K-417,SN-PT-2026-CE9102,Power Tools,Brand New,F-02-01,211,12,In stock,2475.42,522313.62,2026-08-22,2026-08-25,2026-08-26,Ariel Villanueva,Manila Industrial Tools Corp.
Digital Multimeter Auto-Ranging,DE-MMT-DIGI-576,SN-DE-2026-E78DA6,Diagnostic & Electrical,Brand New,E-05-08,237,16,In stock,2008.89,476106.93,2026-09-28,2026-09-29,2026-09-30,Mark Santos,Global Tech Hardware Philippines
Engine Stand 1000lbs Rotating,SE-ENG-1000-177,SN-SE-2026-F704BD,Lifting & Shop Equipment,Brand New,E-02-03,61,7,In stock,4309.83,262899.63,2026-05-19,2026-05-22,2026-05-23,Joseph Bautista,Manila Industrial Tools Corp.
Infrared Thermometer Gun,DE-IRT-GUN-226,SN-DE-2026-58F5D8,Diagnostic & Electrical,Brand New,H-02-04,134,9,In stock,1148.35,153878.90,2026-02-15,2026-02-16,2026-02-17,Mark Santos,Metro Tools Import Co.
Engine Timing Light Strobe,DE-TMG-STR-874,SN-DE-2026-243A6C,Diagnostic & Electrical,Used / Good,G-02-03,286,14,In stock,2665.06,762207.16,2026-07-17,2026-07-19,2026-07-21,Dave Mendoza,Visayas Industrial Distribution
Ball Peen Hammer 24oz,HT-HMR-24O-384,LOT-2026-2330,Hand Tools,Brand New,A-01-08,147,8,In stock,590.46,86797.62,2026-04-06,2026-04-07,2026-04-08,Michael Ramos,Visayas Industrial Distribution
Hex Key Allen Set Metric,HT-HEX-MET-427,LOT-2026-7895,Hand Tools,Brand New,D-06-01,102,22,In stock,652.47,66551.94,2026-10-01,2026-10-03,2026-10-04,Reynaldo Cruz,Apex Automotive Supplies Inc.
Cordless Angle Grinder 18V,PT-GRN-18V-211,SN-PT-2026-B3E95C,Power Tools,Brand New,G-07-07,8,15,Low stock,8754.26,70034.08,2026-05-13,2026-05-16,2026-05-18,Mark Santos,Metro Tools Import Co.
Air Angle Die Grinder,PT-AIR-ADG-510,SN-PT-2026-B3BB11,Power Tools,Used / Good,D-03-05,236,22,In stock,4176.59,985675.24,2026-08-06,2026-08-09,2026-08-11,Ariel Villanueva,Delta Auto Tools Direct
3-Jaw Oil Filter Wrench,SM-OFR-3JW-334,LOT-2026-6594,Specialty Mechanic Tools,Brand New,H-08-02,163,19,In stock,541.15,88207.45,2026-02-17,2026-02-18,2026-02-19,Michael Ramos,Luzon Machinery Supply
Hydraulic Shop Press 20 Ton,SE-PRS-20T-716,SN-SE-2026-C1D944,Lifting & Shop Equipment,Used / Good,D-08-08,15,17,Reserved,31723.34,475850.10,2026-07-20,2026-07-21,2026-07-23,Dave Mendoza,Visayas Industrial Distribution
Fuel Pressure Test Gauge Set,DE-GST-FUL-209,SN-DE-2026-E5FBDF,Diagnostic & Electrical,Brand New,C-05-07,287,19,In stock,5478.85,1572429.95,2026-03-27,2026-03-30,2026-04-01,Michael Ramos,Kabuayan Tool Distro
Waste Oil Drain Pan 15L,SE-PAN-15L-767,SN-SE-2026-DEBF54,Lifting & Shop Equipment,Brand New,B-05-02,28,17,In stock,507.57,14211.96,2026-05-13,2026-05-16,2026-05-18,John Reyes,Apex Automotive Supplies Inc.
Infrared Thermometer Gun,DE-IRT-GUN-944,SN-DE-2026-95B332,Diagnostic & Electrical,Brand New,D-04-07,13,16,Low stock,2773.28,36052.64,2026-01-17,2026-01-18,2026-01-19,Mark Santos,Visayas Industrial Distribution
Heavy Duty Steel Car Ramps Pair,SE-RMP-HD2-334,SN-SE-2026-25450A,Lifting & Shop Equipment,Brand New,C-02-07,27,8,In stock,3601.53,97241.31,2026-03-16,2026-03-18,2026-03-19,Dave Mendoza,Metro Tools Import Co.
Semi-Synthetic Oil 10W-40 4L,WS-OIL-10W40-729,LOT-2026-4854,Workshop Supplies & Fluids,Brand New,H-09-04,17,24,Reserved,2020.54,34349.18,2026-07-18,2026-07-20,2026-07-21,Mark Santos,Visayas Industrial Distribution
Engine Timing Light Strobe,DE-TMG-STR-977,SN-DE-2026-669172,Diagnostic & Electrical,Brand New,H-07-06,24,13,In stock,2936.51,70476.24,2026-01-02,2026-01-04,2026-01-05,John Reyes,Delta Auto Tools Direct
Vacuum Brake Bleeder Kit,SM-BRK-VAC-337,N/A,Specialty Mechanic Tools,Refurbished,G-03-08,113,8,In stock,3017.58,340986.54,2026-01-25,2026-01-28,2026-01-30,Michael Ramos,Visayas Industrial Distribution
Penetrating Oil Spray 400ml,WS-SPR-PNT-983,N/A,Workshop Supplies & Fluids,Brand New,B-05-05,232,18,In stock,362.84,84178.88,2026-06-26,2026-06-27,2026-06-28,John Reyes,Metro Tools Import Co.
Cordless Impact Wrench 20V,PT-IMP-20V-392,SN-PT-2026-49F40F,Power Tools,Brand New,F-07-04,170,15,In stock,7026.45,1194496.50,2026-07-03,2026-07-06,2026-07-07,Michael Ramos,Oriental Tools & Equipment
Mechanic Plastic Creeper 40in,SE-CRP-40I-183,SN-SE-2026-7CFAE4,Lifting & Shop Equipment,Brand New,G-01-08,240,9,In stock,2610.12,626428.80,2026-03-31,2026-04-02,2026-04-03,Reynaldo Cruz,Apex Automotive Supplies Inc.
Rolling Shop Stool Adjustable,SE-STL-RLG-812,SN-SE-2026-C37E0F,Lifting & Shop Equipment,Brand New,E-07-01,5,13,Low stock,2407.02,12035.10,2026-04-05,2026-04-08,2026-04-09,Joseph Bautista,Luzon Machinery Supply
Oil Filter Strap Wrench,SM-OFR-STP-639,LOT-2026-6594,Specialty Mechanic Tools,Brand New,G-03-09,211,12,In stock,307.97,64981.67,2026-06-15,2026-06-17,2026-06-19,Mark Santos,Manila Industrial Tools Corp.
Nitrile Gloves Heavy Duty 100pk,WS-GLV-100-960,N/A,Workshop Supplies & Fluids,Brand New,C-01-04,3,9,Low stock,848.01,2544.03,2026-05-19,2026-05-21,2026-05-23,Mark Santos,Luzon Machinery Supply
Digital Battery Analyzer 12V,DE-BAT-12VA-326,SN-DE-2026-3C1625,Diagnostic & Electrical,Brand New,B-02-07,3,14,Low stock,3636.12,10908.36,2026-01-04,2026-01-05,2026-01-07,John Reyes,Apex Automotive Supplies Inc.
Valve Spring Compressor Tool,SM-VLV-CMP-318,N/A,Specialty Mechanic Tools,Brand New,F-01-01,159,7,In stock,1681.87,267417.33,2026-04-07,2026-04-10,2026-04-11,John Reyes,Kabuayan Tool Distro
Ball Joint Press Removal Kit,SM-BLJ-SEP-601,LOT-2026-3292,Specialty Mechanic Tools,Brand New,B-01-04,213,21,In stock,2348.15,500155.95,2026-03-27,2026-03-30,2026-04-01,Mark Santos,Delta Auto Tools Direct
Mechanic Plastic Creeper 40in,SE-CRP-40I-119,SN-SE-2026-40CC07,Lifting & Shop Equipment,Brand New,H-04-01,184,18,In stock,1689.45,310858.80,2026-06-25,2026-06-28,2026-06-29,Bong Garcia,Oriental Tools & Equipment
Borescope Endoscope Camera 1080P,DE-CAM-BOR-379,SN-DE-2026-99D190,Diagnostic & Electrical,Brand New,D-02-05,286,6,In stock,3514.72,1005209.92,2026-05-02,2026-05-05,2026-05-06,Michael Ramos,Oriental Tools & Equipment
Needle Nose Pliers 8in,HT-PLR-ND8-420,LOT-2026-5063,Hand Tools,Brand New,C-03-04,7,14,Reserved,627.20,4390.40,2026-07-18,2026-07-20,2026-07-22,Michael Ramos,Manila Industrial Tools Corp.
Fluid Transfer Hand Pump,SM-PMP-FLD-681,N/A,Specialty Mechanic Tools,Brand New,D-04-01,4,7,Low stock,864.96,3459.84,2026-02-10,2026-02-13,2026-02-15,Mark Santos,Pacific Rim Auto Parts
Transmission Jack 0.5 Ton,SE-JCK-TRN-385,SN-SE-2026-2B5518,Lifting & Shop Equipment,Brand New,C-05-01,65,21,In stock,11529.77,749435.05,2026-07-16,2026-07-17,2026-07-19,Reynaldo Cruz,Luzon Machinery Supply
Breaker Bar 24in,HT-BKB-24I-154,LOT-2026-5287,Hand Tools,Brand New,C-07-09,34,18,In stock,1051.77,35760.18,2026-06-30,2026-07-02,2026-07-04,Joseph Bautista,Luzon Machinery Supply
Rubber Mallet 16oz,HT-MLT-16O-171,N/A,Hand Tools,Brand New,G-09-07,125,19,In stock,322.87,40358.75,2026-04-15,2026-04-16,2026-04-18,Michael Ramos,Metro Tools Import Co.
Hydraulic Shop Press 20 Ton,SE-PRS-20T-747,SN-SE-2026-374E47,Lifting & Shop Equipment,Refurbished,A-01-09,2,20,Inspection,21640.65,43281.30,2026-01-01,Pending,Pending,Pending Inspection,Delta Auto Tools Direct
Heavy Duty Hand Cleaner 3.78L,WS-HND-378-211,LOT-2026-8680,Workshop Supplies & Fluids,Refurbished,E-04-03,133,9,In stock,1154.08,153492.64,2026-09-23,2026-09-24,2026-09-25,Dave Mendoza,Pacific Rim Auto Parts
Heat Gun 2000W Dual Temp,PT-HTG-20K-906,SN-PT-2026-E8609A,Power Tools,Brand New,E-09-07,15,22,Low stock,2678.59,40178.85,2026-01-30,2026-02-01,2026-02-03,Dave Mendoza,Apex Automotive Supplies Inc.
Circuit Tester Light 12V-24V,DE-TST-CKT-124,SN-DE-2026-8F16CB,Diagnostic & Electrical,Brand New,E-07-08,154,19,In stock,264.53,40737.62,2026-03-08,2026-03-11,2026-03-13,Joseph Bautista,Metro Tools Import Co.
Pneumatic Oil Extractor 9L,SE-EXT-09L-762,SN-SE-2026-2F20E4,Lifting & Shop Equipment,Brand New,D-03-08,137,17,In stock,4202.35,575721.95,2026-01-14,2026-01-15,2026-01-16,Dave Mendoza,Delta Auto Tools Direct
Infrared Thermometer Gun,DE-IRT-GUN-788,SN-DE-2026-6FEF95,Diagnostic & Electrical,Brand New,F-03-09,18,25,Low stock,2194.25,39496.50,2026-06-05,2026-06-07,2026-06-09,Michael Ramos,Metro Tools Import Co.
Pneumatic Impact Gun 3/4in,PT-AIR-34I-279,SN-PT-2026-F309D2,Power Tools,Brand New,D-03-07,27,12,In stock,10074.97,272024.19,2026-06-06,2026-06-07,2026-06-09,Bong Garcia,Kabuayan Tool Distro
Hydraulic Bottle Jack 20 Ton,SE-BTL-20T-115,SN-SE-2026-F99505,Lifting & Shop Equipment,Refurbished,C-07-06,2,8,Inspection,2803.47,5606.94,2026-03-29,Pending,Pending,Pending Inspection,Kabuayan Tool Distro
Circlip Snap Ring Pliers Set,HT-PLR-SNP-417,LOT-2026-4242,Hand Tools,Brand New,H-06-06,278,7,In stock,907.67,252332.26,2026-07-31,2026-08-03,2026-08-04,Michael Ramos,Luzon Machinery Supply
Bearing Puller Separator Kit 9pc,SM-PLR-BRG-547,N/A,Specialty Mechanic Tools,Refurbished,C-02-04,294,21,In stock,5542.17,1629397.98,2026-06-10,2026-06-12,2026-06-14,Reynaldo Cruz,Visayas Industrial Distribution
Cordless Drill Driver 18V,PT-DRL-18V-608,SN-PT-2026-2D582B,Power Tools,Brand New,B-09-03,7,14,Low stock,8355.21,58486.47,2026-01-18,2026-01-19,2026-01-20,Bong Garcia,Delta Auto Tools Direct
Fluid Transfer Hand Pump,SM-PMP-FLD-692,LOT-2026-6234,Specialty Mechanic Tools,Brand New,B-07-04,5,7,Reserved,694.83,3474.15,2026-05-09,2026-05-12,2026-05-13,Michael Ramos,Luzon Machinery Supply
Brake Caliper Piston Press Tool,SM-BRK-PST-410,LOT-2026-4840,Specialty Mechanic Tools,Brand New,G-04-04,92,16,In stock,1364.60,125543.20,2026-08-11,2026-08-12,2026-08-13,Michael Ramos,Oriental Tools & Equipment
Penetrating Oil Spray 400ml,WS-SPR-PNT-907,N/A,Workshop Supplies & Fluids,Brand New,H-05-04,155,25,In stock,262.90,40749.50,2026-09-25,2026-09-28,2026-09-29,Reynaldo Cruz,Oriental Tools & Equipment
3-Jaw Oil Filter Wrench,SM-OFR-3JW-816,N/A,Specialty Mechanic Tools,Brand New,F-08-08,273,20,In stock,370.15,101050.95,2026-06-05,2026-06-06,2026-06-08,Michael Ramos,Pacific Rim Auto Parts
Ball Joint Press Removal Kit,SM-BLJ-SEP-296,N/A,Specialty Mechanic Tools,Brand New,F-03-03,191,13,In stock,3311.13,632425.83,2026-08-25,2026-08-26,2026-08-27,Michael Ramos,Visayas Industrial Distribution
Amp Clamp Meter AC/DC,DE-MMT-AMP-727,SN-DE-2026-66C250,Diagnostic & Electrical,Refurbished,C-08-05,47,18,In stock,2482.69,116686.43,2026-04-12,2026-04-15,2026-04-17,Bong Garcia,Apex Automotive Supplies Inc.
Angle Grinder 4.5in 850W,PT-GRN-45I-647,SN-PT-2026-FEF52B,Power Tools,Brand New,E-08-02,14,21,Low stock,2820.68,39489.52,2026-03-26,2026-03-29,2026-03-31,Joseph Bautista,Global Tech Hardware Philippines
Electric Rotary Buffer 7in,PT-POL-07I-354,SN-PT-2026-348907,Power Tools,Refurbished,A-02-04,235,18,In stock,3934.54,924616.90,2026-03-28,2026-03-31,2026-04-01,John Reyes,Manila Industrial Tools Corp.
Helicoil Thread Repair Kit M10,SM-THR-M10-672,N/A,Specialty Mechanic Tools,Brand New,E-07-03,11,15,Inspection,1181.94,13001.34,2026-03-27,Pending,Pending,Pending Inspection,Kabuayan Tool Distro
Parts Washer Tank 20 Gal,SE-WSH-20G-613,SN-SE-2026-86C5EE,Lifting & Shop Equipment,Brand New,B-08-03,147,20,In stock,11635.48,1710415.56,2026-02-03,2026-02-04,2026-02-05,Joseph Bautista,Apex Automotive Supplies Inc.
Breaker Bar 24in,HT-BKB-24I-658,N/A,Hand Tools,Brand New,E-05-05,283,18,In stock,1541.73,436309.59,2026-06-09,2026-06-10,2026-06-12,Joseph Bautista,Apex Automotive Supplies Inc.
Cordless Angle Grinder 18V,PT-GRN-18V-233,SN-PT-2026-5B335D,Power Tools,Brand New,A-01-09,295,18,In stock,6181.16,1823442.20,2026-05-14,2026-05-16,2026-05-17,Reynaldo Cruz,Oriental Tools & Equipment
Hex Key Allen Set Metric,HT-HEX-MET-689,N/A,Hand Tools,Brand New,G-02-09,107,7,In stock,393.37,42090.59,2026-04-22,2026-04-24,2026-04-25,Dave Mendoza,Metro Tools Import Co.
Pneumatic Air Ratchet 3/8in,PT-AIR-38R-740,SN-PT-2026-E02E82,Power Tools,Brand New,E-05-02,103,5,In stock,2552.09,262865.27,2026-04-24,2026-04-25,2026-04-27,Bong Garcia,Luzon Machinery Supply
Rolling Shop Stool Adjustable,SE-STL-RLG-101,SN-SE-2026-D24147,Lifting & Shop Equipment,Brand New,B-01-08,92,15,In stock,2119.61,195004.12,2026-05-19,2026-05-22,2026-05-23,Mark Santos,Metro Tools Import Co.
Penetrating Oil Spray 400ml,WS-SPR-PNT-633,LOT-2026-9401,Workshop Supplies & Fluids,Brand New,B-02-08,30,14,Reserved,254.17,7625.10,2026-04-05,2026-04-07,2026-04-08,Bong Garcia,Luzon Machinery Supply
OBD2 Automotive Scanner Tool,DE-SCN-OBD2-484,SN-DE-2026-10DC69,Diagnostic & Electrical,Brand New,D-03-08,259,11,In stock,16162.56,4186103.04,2026-03-13,2026-03-15,2026-03-16,Michael Ramos,Delta Auto Tools Direct
Automatic Transmission Fluid 1L,WS-FLD-ATF1-158,LOT-2026-5687,Workshop Supplies & Fluids,Brand New,B-02-04,16,25,Low stock,611.40,9782.40,2026-02-05,2026-02-07,2026-02-08,Mark Santos,Luzon Machinery Supply
Diagonal Cutting Pliers 7in,HT-PLR-CUT7-741,LOT-2026-2520,Hand Tools,Brand New,H-02-06,241,8,In stock,533.84,128655.44,2026-05-14,2026-05-16,2026-05-18,Bong Garcia,Global Tech Hardware Philippines
Circuit Tester Light 12V-24V,DE-TST-CKT-779,SN-DE-2026-470B44,Diagnostic & Electrical,Brand New,B-05-05,24,18,Reserved,504.40,12105.60,2026-08-25,2026-08-26,2026-08-27,Ariel Villanueva,Delta Auto Tools Direct
Fuel Pressure Test Gauge Set,DE-GST-FUL-744,SN-DE-2026-3EBB1B,Diagnostic & Electrical,Brand New,H-09-07,9,22,Reserved,4086.24,36776.16,2026-06-27,2026-06-30,2026-07-02,Mark Santos,Visayas Industrial Distribution
Air Angle Die Grinder,PT-AIR-ADG-546,SN-PT-2026-8D905F,Power Tools,Brand New,B-03-05,80,12,In stock,2426.60,194128.00,2026-07-17,2026-07-18,2026-07-20,Ariel Villanueva,Delta Auto Tools Direct
Amp Clamp Meter AC/DC,DE-MMT-AMP-283,SN-DE-2026-22775F,Diagnostic & Electrical,Brand New,E-04-05,15,20,Low stock,4544.94,68174.10,2026-08-31,2026-09-03,2026-09-05,John Reyes,Visayas Industrial Distribution
Parts Washer Tank 20 Gal,SE-WSH-20G-640,SN-SE-2026-696752,Lifting & Shop Equipment,Brand New,F-03-07,138,23,In stock,8527.71,1176823.98,2026-03-01,2026-03-04,2026-03-05,Mark Santos,Luzon Machinery Supply
Piston Ring Compressor 3in,SM-PST-RNG3-583,N/A,Specialty Mechanic Tools,Brand New,D-01-04,4,10,Low stock,616.54,2466.16,2026-07-08,2026-07-10,2026-07-11,Dave Mendoza,Metro Tools Import Co.
Ratchet Handle 3/8in Drive,HT-RTC-38D-828,LOT-2026-9141,Hand Tools,Brand New,A-06-03,26,15,Reserved,1092.57,28406.82,2026-09-13,2026-09-16,2026-09-18,Joseph Bautista,Delta Auto Tools Direct
Hydraulic Shop Press 20 Ton,SE-PRS-20T-516,SN-SE-2026-39A513,Lifting & Shop Equipment,Brand New,F-08-01,27,16,Reserved,22192.06,599185.62,2026-07-01,2026-07-03,2026-07-05,Reynaldo Cruz,Global Tech Hardware Philippines
Helicoil Thread Repair Kit M8,SM-THR-M08-630,N/A,Specialty Mechanic Tools,Refurbished,B-06-07,32,20,In stock,703.81,22521.92,2026-03-21,2026-03-24,2026-03-25,Bong Garcia,Kabuayan Tool Distro
Locking Pliers Vise-Grip 10in,HT-PLR-LK10-594,N/A,Hand Tools,Brand New,E-08-07,165,19,In stock,685.51,113109.15,2026-01-14,2026-01-15,2026-01-16,Bong Garcia,Oriental Tools & Equipment
Reciprocating Saw 18V,PT-SAW-18V-592,SN-PT-2026-B190DD,Power Tools,Brand New,B-04-08,70,24,In stock,8343.51,584045.70,2026-02-02,2026-02-05,2026-02-06,Dave Mendoza,Visayas Industrial Distribution
Impact Screwdriver Kit,HT-SDR-IMP-449,LOT-2026-7016,Hand Tools,Brand New,F-09-02,118,8,In stock,1028.98,121419.64,2026-07-23,2026-07-24,2026-07-25,Ariel Villanueva,Manila Industrial Tools Corp.
Hydraulic Bottle Jack 20 Ton,SE-BTL-20T-852,SN-SE-2026-D5F4BA,Lifting & Shop Equipment,Brand New,C-04-02,175,14,In stock,3687.41,645296.75,2026-03-22,2026-03-23,2026-03-24,John Reyes,Manila Industrial Tools Corp.
Pneumatic Impact Gun 1/2in,PT-AIR-12I-440,SN-PT-2026-140008,Power Tools,Brand New,F-07-03,5,6,Low stock,8674.80,43374.00,2026-08-30,2026-09-01,2026-09-02,Joseph Bautista,Visayas Industrial Distribution
Bench Grinder 6in 350W,PT-BGN-06I-230,SN-PT-2026-4C4E44,Power Tools,Brand New,H-04-07,19,15,Reserved,3371.11,64051.09,2026-02-12,2026-02-13,2026-02-14,Ariel Villanueva,Delta Auto Tools Direct
Combination Wrench 12mm,HT-WRN-12M-299,LOT-2026-6973,Hand Tools,Brand New,E-06-07,197,14,In stock,267.69,52734.93,2026-05-18,2026-05-21,2026-05-23,Ariel Villanueva,Manila Industrial Tools Corp.
Parts Washer Tank 20 Gal,SE-WSH-20G-627,SN-SE-2026-1B9282,Lifting & Shop Equipment,Brand New,D-02-06,225,19,In stock,12614.43,2838246.75,2026-01-25,2026-01-26,2026-01-28,Joseph Bautista,Delta Auto Tools Direct
Hydraulic Bottle Jack 10 Ton,SE-BTL-10T-842,SN-SE-2026-61BA3D,Lifting & Shop Equipment,Brand New,B-02-08,85,25,In stock,3228.77,274445.45,2026-01-14,2026-01-17,2026-01-19,Joseph Bautista,Luzon Machinery Supply
Cordless Impact Driver 18V,PT-IMP-18V-499,SN-PT-2026-64795C,Power Tools,Brand New,F-01-07,11,14,Reserved,9430.15,103731.65,2026-04-15,2026-04-17,2026-04-18,Ariel Villanueva,Oriental Tools & Equipment
Hydraulic Bottle Jack 20 Ton,SE-BTL-20T-668,SN-SE-2026-79AD95,Lifting & Shop Equipment,Brand New,A-08-03,263,14,In stock,3146.26,827466.38,2026-01-07,2026-01-08,2026-01-10,Michael Ramos,Global Tech Hardware Philippines
Carburetor Cleaner Spray 450ml,WS-SPR-CARB-301,N/A,Workshop Supplies & Fluids,Brand New,G-06-03,261,18,In stock,190.31,49670.91,2026-04-21,2026-04-22,2026-04-24,Joseph Bautista,Global Tech Hardware Philippines
Hydraulic Bottle Jack 10 Ton,SE-BTL-10T-145,SN-SE-2026-123828,Lifting & Shop Equipment,Brand New,D-05-01,80,10,In stock,3036.57,242925.60,2026-04-10,2026-04-13,2026-04-15,Joseph Bautista,Apex Automotive Supplies Inc.
Synthetic Engine Oil 5W-30 4L,WS-OIL-5W30-415,LOT-2026-9921,Workshop Supplies & Fluids,Brand New,G-05-05,215,16,In stock,2502.47,538031.05,2026-01-07,2026-01-08,2026-01-09,Bong Garcia,Global Tech Hardware Philippines
Combination Wrench Set 12pc,HT-WRN-12P-547,LOT-2026-9227,Hand Tools,Brand New,H-01-08,11,12,Low stock,1235.30,13588.30,2026-07-18,2026-07-20,2026-07-21,Reynaldo Cruz,Apex Automotive Supplies Inc.
Circuit Tester Light 12V-24V,DE-TST-CKT-509,SN-DE-2026-D4B8FE,Diagnostic & Electrical,Brand New,D-01-04,7,15,Inspection,485.37,3397.59,2026-01-31,Pending,Pending,Pending Inspection,Manila Industrial Tools Corp.
Engine Hoist Crane Foldable 2 Ton,SE-HST-02T-610,SN-SE-2026-BDAE66,Lifting & Shop Equipment,Brand New,F-03-08,210,6,In stock,15400.61,3234128.10,2026-07-10,2026-07-11,2026-07-13,Mark Santos,Delta Auto Tools Direct
Jack Stands 6 Ton Heavy Duty Pair,SE-STD-06T-609,SN-SE-2026-E4F834,Lifting & Shop Equipment,Brand New,E-02-02,12,13,Low stock,3457.26,41487.12,2026-07-12,2026-07-13,2026-07-14,Bong Garcia,Apex Automotive Supplies Inc.
Borescope Endoscope Camera 1080P,DE-CAM-BOR-201,SN-DE-2026-641842,Diagnostic & Electrical,Brand New,H-07-02,97,17,In stock,6121.64,593799.08,2026-04-30,2026-05-01,2026-05-03,Bong Garcia,Delta Auto Tools Direct
Pneumatic Impact Gun 1/2in,PT-AIR-12I-687,SN-PT-2026-9E74D1,Power Tools,Refurbished,F-09-06,19,20,Reserved,6556.06,124565.14,2026-09-19,2026-09-21,2026-09-22,Ariel Villanueva,Manila Industrial Tools Corp.
Cordless Impact Wrench 20V,PT-IMP-20V-445,SN-PT-2026-22CE0B,Power Tools,Brand New,A-09-06,152,15,In stock,10128.71,1539563.92,2026-03-29,2026-03-31,2026-04-02,Ariel Villanueva,Kabuayan Tool Distro
Locking Pliers Vise-Grip 10in,HT-PLR-LK10-808,LOT-2026-4338,Hand Tools,Brand New,B-02-02,170,16,In stock,994.03,168985.10,2026-04-17,2026-04-18,2026-04-19,Reynaldo Cruz,Kabuayan Tool Distro
Oxygen Sensor Socket 22mm,SM-SCK-O2S-882,N/A,Specialty Mechanic Tools,Brand New,D-03-09,163,20,In stock,876.92,142937.96,2026-10-04,2026-10-06,2026-10-08,Joseph Bautista,Delta Auto Tools Direct
Socket Set 24pc Metric,HT-SCK-24M-950,N/A,Hand Tools,Brand New,H-08-07,1,13,Low stock,1851.77,1851.77,2026-04-02,2026-04-05,2026-04-06,Joseph Bautista,Oriental Tools & Equipment
Parts Washer Tank 20 Gal,SE-WSH-20G-541,SN-SE-2026-9C05DF,Lifting & Shop Equipment,Brand New,A-08-08,228,6,In stock,7693.25,1754061.00,2026-08-26,2026-08-29,2026-08-30,Joseph Bautista,Oriental Tools & Equipment
3-Jaw Oil Filter Wrench,SM-OFR-3JW-151,LOT-2026-6406,Specialty Mechanic Tools,Brand New,F-07-03,175,9,In stock,505.75,88506.25,2026-06-05,2026-06-08,2026-06-09,Dave Mendoza,Luzon Machinery Supply
Penetrating Oil Spray 400ml,WS-SPR-PNT-369,N/A,Workshop Supplies & Fluids,Brand New,A-04-09,147,22,In stock,343.21,50451.87,2026-05-01,2026-05-02,2026-05-03,Reynaldo Cruz,Visayas Industrial Distribution
Needle Nose Pliers 8in,HT-PLR-ND8-502,LOT-2026-5665,Hand Tools,Brand New,F-05-03,250,13,In stock,395.42,98855.00,2026-01-15,2026-01-17,2026-01-18,Mark Santos,Oriental Tools & Equipment
Borescope Endoscope Camera 1080P,DE-CAM-BOR-759,SN-DE-2026-F1D8D6,Diagnostic & Electrical,Brand New,G-06-05,142,25,In stock,2770.05,393347.10,2026-06-15,2026-06-18,2026-06-19,Joseph Bautista,Metro Tools Import Co.
Heavy Duty Hand Cleaner 3.78L,WS-HND-378-629,LOT-2026-8185,Workshop Supplies & Fluids,Refurbished,E-04-07,176,24,In stock,1139.58,200566.08,2026-07-15,2026-07-18,2026-07-20,Dave Mendoza,Delta Auto Tools Direct
Nitrile Gloves Heavy Duty 100pk,WS-GLV-100-451,N/A,Workshop Supplies & Fluids,Brand New,F-01-08,188,11,In stock,812.68,152783.84,2026-02-23,2026-02-26,2026-02-27,Bong Garcia,Oriental Tools & Equipment
Lithium Grease Tube 400g,WS-GRS-LTH-608,LOT-2026-3870,Workshop Supplies & Fluids,Brand New,E-06-05,61,8,In stock,339.15,20688.15,2026-03-18,2026-03-20,2026-03-21,Mark Santos,Visayas Industrial Distribution
Amp Clamp Meter AC/DC,DE-MMT-AMP-874,SN-DE-2026-AACE76,Diagnostic & Electrical,Refurbished,D-03-06,15,9,Inspection,4008.25,60123.75,2026-06-19,Pending,Pending,Pending Inspection,Metro Tools Import Co.
Anti-Seize Lubricant 200g,WS-LUB-ANZ-462,LOT-2026-4192,Workshop Supplies & Fluids,Brand New,C-07-05,146,15,In stock,867.14,126602.44,2026-03-22,2026-03-25,2026-03-26,Ariel Villanueva,Global Tech Hardware Philippines
RTV Silicone Gasket Black 85g,WS-GSK-RTV-507,LOT-2026-2831,Workshop Supplies & Fluids,Brand New,G-03-08,12,19,Low stock,321.79,3861.48,2026-03-01,2026-03-02,2026-03-03,John Reyes,Luzon Machinery Supply
Diagonal Cutting Pliers 7in,HT-PLR-CUT7-140,LOT-2026-2719,Hand Tools,Brand New,D-03-03,16,18,Reserved,793.77,12700.32,2026-06-18,2026-06-21,2026-06-23,Reynaldo Cruz,Delta Auto Tools Direct
Fuel Pressure Test Gauge Set,DE-GST-FUL-736,SN-DE-2026-D9EB87,Diagnostic & Electrical,Brand New,G-09-03,11,20,Low stock,3755.11,41306.21,2026-03-06,2026-03-08,2026-03-10,Mark Santos,Metro Tools Import Co.
Jack Stands 6 Ton Heavy Duty Pair,SE-STD-06T-621,SN-SE-2026-4C7613,Lifting & Shop Equipment,Brand New,G-09-03,66,7,In stock,3874.43,255712.38,2026-03-05,2026-03-06,2026-03-08,Michael Ramos,Manila Industrial Tools Corp.
Mechanic Shop Towels 50pk,WS-TWL-50P-238,LOT-2026-8454,Workshop Supplies & Fluids,Brand New,E-09-06,243,25,In stock,657.48,159767.64,2026-02-11,2026-02-13,2026-02-14,Dave Mendoza,Global Tech Hardware Philippines
Semi-Synthetic Oil 10W-40 4L,WS-OIL-10W40-578,LOT-2026-1993,Workshop Supplies & Fluids,Brand New,G-02-06,157,20,In stock,1502.96,235964.72,2026-05-11,2026-05-13,2026-05-14,Joseph Bautista,Delta Auto Tools Direct
Cordless Impact Driver 18V,PT-IMP-18V-631,SN-PT-2026-2218DD,Power Tools,Used / Good,G-04-08,11,14,Reserved,10878.62,119664.82,2026-07-08,2026-07-09,2026-07-11,Joseph Bautista,Apex Automotive Supplies Inc.
Cordless Impact Driver 18V,PT-IMP-18V-391,SN-PT-2026-A5F197,Power Tools,Brand New,F-08-05,205,18,In stock,6570.56,1346964.80,2026-04-06,2026-04-07,2026-04-08,Bong Garcia,Global Tech Hardware Philippines
Spark Plug Magnetic Socket Set,SM-SCK-SPK-765,LOT-2026-5022,Specialty Mechanic Tools,Used / Good,B-02-01,49,22,In stock,910.48,44613.52,2026-06-03,2026-06-06,2026-06-08,Mark Santos,Apex Automotive Supplies Inc.
Tie Rod End & Pitman Arm Puller,SM-TRD-RMV-963,LOT-2026-2915,Specialty Mechanic Tools,Refurbished,A-04-05,205,24,In stock,1342.24,275159.20,2026-02-04,2026-02-07,2026-02-09,Ariel Villanueva,Metro Tools Import Co.
DOT 4 Brake Fluid 1L,WS-FLD-DOT4-840,LOT-2026-1804,Workshop Supplies & Fluids,Brand New,H-01-07,16,16,Reserved,521.98,8351.68,2026-04-05,2026-04-07,2026-04-09,Ariel Villanueva,Metro Tools Import Co.
Vacuum Brake Bleeder Kit,SM-BRK-VAC-820,N/A,Specialty Mechanic Tools,Brand New,C-01-07,198,14,In stock,2287.00,452826.00,2026-06-24,2026-06-27,2026-06-29,Reynaldo Cruz,Kabuayan Tool Distro
Cordless Impact Wrench 20V,PT-IMP-20V-647,SN-PT-2026-245CAB,Power Tools,Brand New,A-09-09,23,24,Reserved,10585.68,243470.64,2026-04-16,2026-04-19,2026-04-20,Reynaldo Cruz,Pacific Rim Auto Parts
Radiator Pressure Tester Kit,DE-GST-RAD-532,SN-DE-2026-794538,Diagnostic & Electrical,Brand New,B-03-06,292,23,In stock,6599.91,1927173.72,2026-05-19,2026-05-20,2026-05-21,Mark Santos,Metro Tools Import Co.
Needle Nose Pliers 8in,HT-PLR-ND8-752,N/A,Hand Tools,Refurbished,A-08-04,13,5,Inspection,343.66,4467.58,2026-05-04,Pending,Pending,Pending Inspection,Manila Industrial Tools Corp.
Strut Spring Compressor Pair,SM-STR-CMP-104,LOT-2026-6277,Specialty Mechanic Tools,Brand New,E-01-01,91,23,In stock,2468.48,224631.68,2026-06-13,2026-06-15,2026-06-17,Dave Mendoza,Pacific Rim Auto Parts
Cordless Angle Grinder 18V,PT-GRN-18V-462,SN-PT-2026-61DB1B,Power Tools,Brand New,A-04-08,177,11,In stock,8316.50,1472020.50,2026-06-16,2026-06-18,2026-06-20,Dave Mendoza,Global Tech Hardware Philippines
DOT 4 Brake Fluid 1L,WS-FLD-DOT4-234,LOT-2026-1409,Workshop Supplies & Fluids,Brand New,D-03-05,69,20,In stock,688.95,47537.55,2026-06-30,2026-07-01,2026-07-03,Joseph Bautista,Apex Automotive Supplies Inc.
Nitrile Gloves Heavy Duty 100pk,WS-GLV-100-371,LOT-2026-8812,Workshop Supplies & Fluids,Refurbished,B-03-06,10,21,Inspection,727.71,7277.10,2026-07-12,Pending,Pending,Pending Inspection,Kabuayan Tool Distro
Threadlocker Medium Blue 50ml,WS-TLK-BLU-947,LOT-2026-6652,Workshop Supplies & Fluids,Brand New,B-06-06,70,9,In stock,785.35,54974.50,2026-03-13,2026-03-16,2026-03-17,John Reyes,Manila Industrial Tools Corp.
Borescope Endoscope Camera 1080P,DE-CAM-BOR-323,SN-DE-2026-646679,Diagnostic & Electrical,Brand New,C-07-07,163,14,In stock,2536.59,413464.17,2026-05-21,2026-05-22,2026-05-24,Dave Mendoza,Metro Tools Import Co.
Electric Rotary Buffer 7in,PT-POL-07I-679,SN-PT-2026-347EA5,Power Tools,Used / Good,H-04-05,277,13,In stock,5727.59,1586542.43,2026-09-11,2026-09-14,2026-09-16,John Reyes,Apex Automotive Supplies Inc.
Semi-Synthetic Oil 10W-40 4L,WS-OIL-10W40-262,LOT-2026-8395,Workshop Supplies & Fluids,Brand New,H-09-03,3,6,Low stock,2005.29,6015.87,2026-09-27,2026-09-28,2026-09-30,Dave Mendoza,Visayas Industrial Distribution
Transmission Jack 0.5 Ton,SE-JCK-TRN-563,SN-SE-2026-2BB7C9,Lifting & Shop Equipment,Used / Good,G-01-08,116,5,In stock,12044.04,1397108.64,2026-01-18,2026-01-20,2026-01-21,Mark Santos,Luzon Machinery Supply
Wire Stripper & Crimper,HT-WSC-08I-919,LOT-2026-3868,Hand Tools,Brand New,C-09-09,17,7,In stock,781.80,13290.60,2026-02-23,2026-02-24,2026-02-26,John Reyes,Metro Tools Import Co.
DOT 4 Brake Fluid 1L,WS-FLD-DOT4-583,LOT-2026-7997,Workshop Supplies & Fluids,Refurbished,B-06-01,2,13,Inspection,525.67,1051.34,2026-02-19,Pending,Pending,Pending Inspection,Manila Industrial Tools Corp.
Synthetic Engine Oil 5W-30 4L,WS-OIL-5W30-397,LOT-2026-7302,Workshop Supplies & Fluids,Refurbished,H-04-01,169,19,In stock,3140.00,530660.00,2026-02-03,2026-02-04,2026-02-05,Reynaldo Cruz,Oriental Tools & Equipment
Helicoil Thread Repair Kit M10,SM-THR-M10-240,N/A,Specialty Mechanic Tools,Brand New,C-05-04,7,9,Low stock,1068.62,7480.34,2026-02-02,2026-02-05,2026-02-06,Dave Mendoza,Delta Auto Tools Direct
Transmission Jack 0.5 Ton,SE-JCK-TRN-478,SN-SE-2026-CF4B4F,Lifting & Shop Equipment,Brand New,G-07-06,112,14,In stock,9338.57,1045919.84,2026-03-05,2026-03-07,2026-03-08,Ariel Villanueva,Metro Tools Import Co.
Wire Stripper & Crimper,HT-WSC-08I-306,LOT-2026-8891,Hand Tools,Brand New,F-02-04,14,24,Inspection,898.38,12577.32,2026-01-08,Pending,Pending,Pending Inspection,Visayas Industrial Distribution
Reciprocating Saw 18V,PT-SAW-18V-503,SN-PT-2026-68D5B0,Power Tools,Brand New,H-04-08,72,22,In stock,6852.03,493346.16,2026-09-28,2026-09-30,2026-10-01,Mark Santos,Visayas Industrial Distribution
Digital Battery Analyzer 12V,DE-BAT-12VA-652,SN-DE-2026-3D5862,Diagnostic & Electrical,Brand New,G-09-04,290,14,In stock,5629.78,1632636.20,2026-03-06,2026-03-08,2026-03-09,Bong Garcia,Pacific Rim Auto Parts
Electric Die Grinder 6mm,PT-DIE-06M-739,SN-PT-2026-A09084,Power Tools,Brand New,F-07-04,39,13,In stock,3163.41,123372.99,2026-06-30,2026-07-03,2026-07-04,Bong Garcia,Delta Auto Tools Direct
Brake Caliper Piston Press Tool,SM-BRK-PST-935,LOT-2026-6872,Specialty Mechanic Tools,Brand New,A-08-09,5,25,Low stock,1893.68,9468.40,2026-08-21,2026-08-24,2026-08-25,Dave Mendoza,Metro Tools Import Co.
Reciprocating Saw 18V,PT-SAW-18V-577,SN-PT-2026-8A697C,Power Tools,Brand New,G-08-03,106,12,In stock,7746.94,821175.64,2026-03-25,2026-03-26,2026-03-27,Ariel Villanueva,Kabuayan Tool Distro
Air Angle Die Grinder,PT-AIR-ADG-612,SN-PT-2026-E23CF5,Power Tools,Brand New,F-05-08,51,25,In stock,3681.32,187747.32,2026-09-17,2026-09-20,2026-09-22,Dave Mendoza,Pacific Rim Auto Parts
Spark Plug Ignition Tester,DE-TST-SPK-536,SN-DE-2026-26D3EB,Diagnostic & Electrical,Brand New,F-02-02,59,5,In stock,609.61,35966.99,2026-01-08,2026-01-09,2026-01-10,Joseph Bautista,Pacific Rim Auto Parts
Threadlocker Medium Blue 50ml,WS-TLK-BLU-942,LOT-2026-2923,Workshop Supplies & Fluids,Refurbished,E-07-05,2,9,Low stock,845.02,1690.04,2026-04-27,2026-04-29,2026-05-01,Bong Garcia,Pacific Rim Auto Parts
Ratchet Handle 1/2in Drive,HT-RTC-12D-646,LOT-2026-1104,Hand Tools,Brand New,H-01-06,39,21,In stock,1464.58,57118.62,2026-05-12,2026-05-15,2026-05-17,Reynaldo Cruz,Manila Industrial Tools Corp.
Digital Battery Analyzer 12V,DE-BAT-12VA-394,SN-DE-2026-15C191,Diagnostic & Electrical,Brand New,C-01-04,9,14,Low stock,2664.34,23979.06,2026-09-27,2026-09-29,2026-09-30,John Reyes,Manila Industrial Tools Corp.
Angle Grinder 4.5in 850W,PT-GRN-45I-889,SN-PT-2026-1C40F9,Power Tools,Refurbished,H-02-06,89,13,In stock,4693.58,417728.62,2026-02-10,2026-02-11,2026-02-12,Joseph Bautista,Luzon Machinery Supply
Radiator Pressure Tester Kit,DE-GST-RAD-663,SN-DE-2026-3F17D6,Diagnostic & Electrical,Brand New,E-01-06,23,25,Low stock,5957.54,137023.42,2026-09-19,2026-09-21,2026-09-23,Joseph Bautista,Apex Automotive Supplies Inc.
Hydraulic Bottle Jack 10 Ton,SE-BTL-10T-940,SN-SE-2026-D4F66B,Lifting & Shop Equipment,Brand New,H-04-09,183,5,In stock,1898.94,347506.02,2026-04-28,2026-04-29,2026-04-30,Dave Mendoza,Delta Auto Tools Direct
Adjustable Pipe Wrench 18in,HT-PWR-18I-132,N/A,Hand Tools,Refurbished,A-06-04,124,12,In stock,1304.47,161754.28,2026-04-21,2026-04-24,2026-04-25,Dave Mendoza,Luzon Machinery Supply
RTV Silicone Gasket Black 85g,WS-GSK-RTV-726,LOT-2026-7225,Workshop Supplies & Fluids,Brand New,D-01-08,268,24,In stock,318.86,85454.48,2026-02-27,2026-03-01,2026-03-03,Joseph Bautista,Pacific Rim Auto Parts
Brake Cleaner Spray 500ml,WS-SPR-BRK-965,N/A,Workshop Supplies & Fluids,Brand New,B-06-05,9,13,Low stock,257.04,2313.36,2026-06-12,2026-06-13,2026-06-14,John Reyes,Pacific Rim Auto Parts
Tie Rod End & Pitman Arm Puller,SM-TRD-RMV-419,N/A,Specialty Mechanic Tools,Refurbished,D-05-03,13,20,Inspection,1456.24,18931.12,2026-03-13,Pending,Pending,Pending Inspection,Delta Auto Tools Direct
Hydraulic Bottle Jack 10 Ton,SE-BTL-10T-625,SN-SE-2026-14E2B8,Lifting & Shop Equipment,Brand New,H-06-06,16,11,Reserved,1647.46,26359.36,2026-03-17,2026-03-18,2026-03-19,John Reyes,Kabuayan Tool Distro
Electric Rotary Buffer 7in,PT-POL-07I-443,SN-PT-2026-7E00D5,Power Tools,Brand New,F-08-08,264,9,In stock,3341.01,882026.64,2026-02-13,2026-02-14,2026-02-16,John Reyes,Delta Auto Tools Direct
Threadlocker Medium Blue 50ml,WS-TLK-BLU-626,LOT-2026-1859,Workshop Supplies & Fluids,Brand New,F-04-05,234,8,In stock,667.58,156213.72,2026-04-17,2026-04-19,2026-04-20,Michael Ramos,Apex Automotive Supplies Inc.
Oil Filter Strap Wrench,SM-OFR-STP-341,LOT-2026-7201,Specialty Mechanic Tools,Brand New,H-06-05,2,5,Low stock,297.20,594.40,2026-08-06,2026-08-08,2026-08-10,Mark Santos,Metro Tools Import Co.
Waste Oil Drain Pan 15L,SE-PAN-15L-163,SN-SE-2026-48A1F0,Lifting & Shop Equipment,Brand New,H-06-09,3,6,Inspection,626.31,1878.93,2026-07-24,Pending,Pending,Pending Inspection,Apex Automotive Supplies Inc.
Torx Key Set T10-T50,HT-TRX-T50-379,N/A,Hand Tools,Brand New,A-07-03,10,19,Inspection,720.63,7206.30,2026-09-25,Pending,Pending,Pending Inspection,Oriental Tools & Equipment
Circuit Tester Light 12V-24V,DE-TST-CKT-251,SN-DE-2026-349FB3,Diagnostic & Electrical,Brand New,C-05-08,8,15,Reserved,442.35,3538.80,2026-08-08,2026-08-09,2026-08-10,Michael Ramos,Kabuayan Tool Distro
Jack Stands 3 Ton Steel Pair,SE-STD-03T-251,SN-SE-2026-C21A1E,Lifting & Shop Equipment,Brand New,F-06-03,242,5,In stock,3134.95,758657.90,2026-03-11,2026-03-12,2026-03-14,Dave Mendoza,Oriental Tools & Equipment
CV Axle Puller Attachment,SM-CVA-PLR-383,LOT-2026-1239,Specialty Mechanic Tools,Brand New,E-02-03,18,13,Reserved,1906.40,34315.20,2026-03-07,2026-03-08,2026-03-10,Dave Mendoza,Visayas Industrial Distribution
Brass Punch Set 5pc,HT-PCH-05P-874,N/A,Hand Tools,Brand New,F-06-07,187,21,In stock,1033.46,193257.02,2026-08-08,2026-08-11,2026-08-12,Bong Garcia,Visayas Industrial Distribution
Battery Load Tester 100A,DE-BAT-100A-285,SN-DE-2026-82C623,Diagnostic & Electrical,Brand New,A-07-09,69,12,In stock,2583.78,178280.82,2026-06-11,2026-06-13,2026-06-15,Joseph Bautista,Manila Industrial Tools Corp.
Strut Spring Compressor Pair,SM-STR-CMP-381,LOT-2026-7032,Specialty Mechanic Tools,Brand New,B-08-05,35,10,In stock,3776.93,132192.55,2026-05-27,2026-05-29,2026-05-30,Ariel Villanueva,Pacific Rim Auto Parts
Heat Gun 2000W Dual Temp,PT-HTG-20K-614,SN-PT-2026-EE9EE3,Power Tools,Brand New,H-08-07,20,25,Low stock,2491.86,49837.20,2026-06-12,2026-06-13,2026-06-14,John Reyes,Visayas Industrial Distribution
Heavy Duty Hand Cleaner 3.78L,WS-HND-378-353,LOT-2026-4830,Workshop Supplies & Fluids,Brand New,H-04-08,264,17,In stock,2094.97,553072.08,2026-04-10,2026-04-12,2026-04-14,Ariel Villanueva,Manila Industrial Tools Corp.
Torque Wrench 1/2in Drive,HT-TRQ-12D-287,LOT-2026-2048,Hand Tools,Brand New,C-04-06,166,18,In stock,3292.51,546556.66,2026-06-19,2026-06-21,2026-06-23,Dave Mendoza,Global Tech Hardware Philippines
Hydraulic Shop Press 12 Ton,SE-PRS-12T-503,SN-SE-2026-D2886A,Lifting & Shop Equipment,Brand New,D-08-09,54,16,In stock,17775.45,959874.30,2026-04-17,2026-04-19,2026-04-20,Bong Garcia,Manila Industrial Tools Corp.
Bearing Puller Separator Kit 9pc,SM-PLR-BRG-685,N/A,Specialty Mechanic Tools,Brand New,C-08-08,13,17,Low stock,3876.08,50389.04,2026-05-18,2026-05-20,2026-05-21,Mark Santos,Visayas Industrial Distribution
Fuel Pressure Test Gauge Set,DE-GST-FUL-583,SN-DE-2026-BAE481,Diagnostic & Electrical,Brand New,A-03-07,277,8,In stock,3090.81,856154.37,2026-09-07,2026-09-10,2026-09-11,Ariel Villanueva,Global Tech Hardware Philippines
Cordless Drill Driver 18V,PT-DRL-18V-576,SN-PT-2026-1898A7,Power Tools,Brand New,E-05-09,8,10,Low stock,7781.17,62249.36,2026-06-03,2026-06-06,2026-06-08,Bong Garcia,Luzon Machinery Supply
Screwdriver Set Magnetic 10pc,HT-SDR-10P-525,LOT-2026-6603,Hand Tools,Refurbished,G-06-09,2,16,Inspection,970.36,1940.72,2026-09-26,Pending,Pending,Pending Inspection,Metro Tools Import Co.
Pneumatic Impact Gun 3/4in,PT-AIR-34I-222,SN-PT-2026-BF4881,Power Tools,Used / Good,G-07-01,3,9,Low stock,11938.61,35815.83,2026-03-17,2026-03-18,2026-03-20,Joseph Bautista,Apex Automotive Supplies Inc.
Brake Fluid Moisture Tester,DE-TST-FLD-288,SN-DE-2026-FB2151,Diagnostic & Electrical,Brand New,E-05-08,1,10,Low stock,606.46,606.46,2026-07-20,2026-07-21,2026-07-22,Dave Mendoza,Oriental Tools & Equipment
Adjustable Pipe Wrench 18in,HT-PWR-18I-969,LOT-2026-8731,Hand Tools,Brand New,F-07-02,248,20,In stock,1081.63,268244.24,2026-03-03,2026-03-05,2026-03-07,John Reyes,Pacific Rim Auto Parts
Borescope Endoscope Camera 1080P,DE-CAM-BOR-637,SN-DE-2026-1019BA,Diagnostic & Electrical,Brand New,A-02-04,12,11,Reserved,5677.07,68124.84,2026-09-14,2026-09-16,2026-09-18,Mark Santos,Visayas Industrial Distribution
Screwdriver Set Magnetic 10pc,HT-SDR-10P-883,LOT-2026-5138,Hand Tools,Refurbished,H-03-08,20,19,Inspection,956.31,19126.20,2026-03-05,Pending,Pending,Pending Inspection,Pacific Rim Auto Parts
Cordless Drill Driver 18V,PT-DRL-18V-452,SN-PT-2026-DBAD1C,Power Tools,Brand New,B-04-02,53,16,In stock,6752.83,357899.99,2026-03-11,2026-03-14,2026-03-15,Reynaldo Cruz,Pacific Rim Auto Parts
Lithium Grease Tube 400g,WS-GRS-LTH-729,N/A,Workshop Supplies & Fluids,Brand New,G-03-06,155,18,In stock,302.82,46937.10,2026-03-06,2026-03-09,2026-03-10,Dave Mendoza,Luzon Machinery Supply
Nitrile Gloves Heavy Duty 100pk,WS-GLV-100-259,N/A,Workshop Supplies & Fluids,Brand New,E-06-08,259,7,In stock,685.04,177425.36,2026-04-24,2026-04-25,2026-04-27,John Reyes,Visayas Industrial Distribution
Brake Fluid Moisture Tester,DE-TST-FLD-238,SN-DE-2026-84E05B,Diagnostic & Electrical,Brand New,E-03-09,206,25,In stock,502.21,103455.26,2026-05-30,2026-06-02,2026-06-03,Reynaldo Cruz,Kabuayan Tool Distro
Brass Punch Set 5pc,HT-PCH-05P-983,LOT-2026-6858,Hand Tools,Refurbished,B-09-07,10,19,Inspection,781.56,7815.60,2026-04-25,Pending,Pending,Pending Inspection,Delta Auto Tools Direct
Infrared Thermometer Gun,DE-IRT-GUN-137,SN-DE-2026-6DC864,Diagnostic & Electrical,Brand New,F-05-02,36,21,In stock,2228.72,80233.92,2026-06-15,2026-06-16,2026-06-18,Bong Garcia,Oriental Tools & Equipment
Bench Grinder 6in 350W,PT-BGN-06I-910,SN-PT-2026-A88CF0,Power Tools,Refurbished,C-07-07,11,13,Low stock,5958.18,65539.98,2026-04-30,2026-05-03,2026-05-05,Ariel Villanueva,Global Tech Hardware Philippines
OBD2 Automotive Scanner Tool,DE-SCN-OBD2-758,SN-DE-2026-B7DD53,Diagnostic & Electrical,Brand New,F-01-02,37,8,In stock,13289.25,491702.25,2026-07-09,2026-07-11,2026-07-12,Ariel Villanueva,Kabuayan Tool Distro
Amp Clamp Meter AC/DC,DE-MMT-AMP-692,SN-DE-2026-D0E757,Diagnostic & Electrical,Brand New,H-06-03,222,6,In stock,4783.17,1061863.74,2026-06-21,2026-06-22,2026-06-23,Michael Ramos,Visayas Industrial Distribution
Waste Oil Drain Pan 15L,SE-PAN-15L-734,SN-SE-2026-BDA154,Lifting & Shop Equipment,Brand New,E-07-05,8,9,Low stock,817.52,6540.16,2026-06-26,2026-06-29,2026-07-01,Ariel Villanueva,Oriental Tools & Equipment
Engine Compression Tester Kit,DE-GST-CMP-154,SN-DE-2026-F070C2,Diagnostic & Electrical,Refurbished,A-08-04,4,12,Low stock,4127.23,16508.92,2026-05-18,2026-05-19,2026-05-20,Reynaldo Cruz,Oriental Tools & Equipment
Synthetic Engine Oil 5W-40 4L,WS-OIL-5W40-305,LOT-2026-2515,Workshop Supplies & Fluids,Brand New,D-07-07,270,9,In stock,3325.05,897763.50,2026-09-06,2026-09-09,2026-09-10,Joseph Bautista,Apex Automotive Supplies Inc.
Impact Screwdriver Kit,HT-SDR-IMP-387,LOT-2026-6233,Hand Tools,Brand New,F-03-07,6,21,Low stock,1533.61,9201.66,2026-02-21,2026-02-22,2026-02-23,Bong Garcia,Luzon Machinery Supply
Pneumatic Air Ratchet 3/8in,PT-AIR-38R-511,SN-PT-2026-E62794,Power Tools,Brand New,C-03-09,25,14,In stock,3724.75,93118.75,2026-03-27,2026-03-28,2026-03-29,Dave Mendoza,Delta Auto Tools Direct
Electric Rotary Buffer 7in,PT-POL-07I-726,SN-PT-2026-17976E,Power Tools,Brand New,A-07-09,3,10,Low stock,6650.89,19952.67,2026-08-11,2026-08-12,2026-08-14,John Reyes,Kabuayan Tool Distro
Electric Die Grinder 6mm,PT-DIE-06M-344,SN-PT-2026-A8655D,Power Tools,Refurbished,E-03-05,250,24,In stock,3223.52,805880.00,2026-04-20,2026-04-21,2026-04-22,Michael Ramos,Global Tech Hardware Philippines
Bench Grinder 6in 350W,PT-BGN-06I-292,SN-PT-2026-1F39BA,Power Tools,Used / Good,C-02-09,60,16,In stock,4496.22,269773.20,2026-06-02,2026-06-05,2026-06-06,Dave Mendoza,Kabuayan Tool Distro
Hydraulic Floor Jack 3 Ton,SE-JCK-03T-521,SN-SE-2026-75915D,Lifting & Shop Equipment,Brand New,D-08-09,29,18,Reserved,9143.92,265173.68,2026-08-06,2026-08-08,2026-08-10,Mark Santos,Kabuayan Tool Distro
Hydraulic Bottle Jack 10 Ton,SE-BTL-10T-885,SN-SE-2026-A2E331,Lifting & Shop Equipment,Brand New,G-05-02,66,24,In stock,2637.61,174082.26,2026-02-11,2026-02-13,2026-02-14,Ariel Villanueva,Manila Industrial Tools Corp.
Engine Timing Light Strobe,DE-TMG-STR-636,SN-DE-2026-82F90C,Diagnostic & Electrical,Brand New,D-04-08,54,6,In stock,2981.73,161013.42,2026-04-28,2026-04-30,2026-05-01,Bong Garcia,Visayas Industrial Distribution
Borescope Endoscope Camera 1080P,DE-CAM-BOR-157,SN-DE-2026-6850AE,Diagnostic & Electrical,Brand New,G-09-04,20,8,In stock,6103.85,122077.00,2026-02-06,2026-02-08,2026-02-10,John Reyes,Kabuayan Tool Distro
Transmission Jack 0.5 Ton,SE-JCK-TRN-662,SN-SE-2026-CB6908,Lifting & Shop Equipment,Brand New,G-04-06,182,16,In stock,11693.93,2128295.26,2026-06-01,2026-06-03,2026-06-05,Joseph Bautista,Luzon Machinery Supply
Semi-Synthetic Oil 10W-40 4L,WS-OIL-10W40-985,N/A,Workshop Supplies & Fluids,Brand New,F-06-06,178,12,In stock,2177.91,387667.98,2026-06-04,2026-06-05,2026-06-07,Bong Garcia,Metro Tools Import Co.
Wire Stripper & Crimper,HT-WSC-08I-183,LOT-2026-1321,Hand Tools,Brand New,E-08-07,20,21,Reserved,686.28,13725.60,2026-05-12,2026-05-14,2026-05-15,Reynaldo Cruz,Visayas Industrial Distribution
Threadlocker Medium Blue 50ml,WS-TLK-BLU-862,N/A,Workshop Supplies & Fluids,Brand New,H-03-03,14,13,Reserved,1038.55,14539.70,2026-02-17,2026-02-20,2026-02-21,Bong Garcia,Visayas Industrial Distribution
Deep Impact Socket Set 1/2in,HT-SCK-IMP12-511,N/A,Hand Tools,Brand New,A-05-03,27,16,Reserved,5116.04,138133.08,2026-05-20,2026-05-23,2026-05-24,John Reyes,Luzon Machinery Supply
Breaker Bar 24in,HT-BKB-24I-893,N/A,Hand Tools,Brand New,G-08-03,270,20,In stock,1556.17,420165.90,2026-04-16,2026-04-19,2026-04-20,Michael Ramos,Luzon Machinery Supply
Spark Plug Magnetic Socket Set,SM-SCK-SPK-982,LOT-2026-7751,Specialty Mechanic Tools,Brand New,D-03-06,122,12,In stock,685.18,83591.96,2026-08-16,2026-08-18,2026-08-20,Reynaldo Cruz,Kabuayan Tool Distro
Threadlocker Medium Blue 50ml,WS-TLK-BLU-246,LOT-2026-1404,Workshop Supplies & Fluids,Brand New,H-07-09,43,8,In stock,862.51,37087.93,2026-09-12,2026-09-15,2026-09-16,Dave Mendoza,Apex Automotive Supplies Inc.
Digital Battery Analyzer 12V,DE-BAT-12VA-548,SN-DE-2026-78CA05,Diagnostic & Electrical,Brand New,C-08-05,52,22,In stock,3339.15,173635.80,2026-04-22,2026-04-25,2026-04-27,Michael Ramos,Oriental Tools & Equipment
Bearing Puller Separator Kit 9pc,SM-PLR-BRG-695,LOT-2026-5617,Specialty Mechanic Tools,Brand New,F-08-05,3,7,Low stock,4368.71,13106.13,2026-09-04,2026-09-07,2026-09-08,Mark Santos,Kabuayan Tool Distro
Adjustable Pipe Wrench 18in,HT-PWR-18I-297,LOT-2026-9616,Hand Tools,Brand New,E-04-04,227,14,In stock,1020.26,231599.02,2026-06-24,2026-06-25,2026-06-27,Reynaldo Cruz,Visayas Industrial Distribution
Mechanic Plastic Creeper 40in,SE-CRP-40I-533,SN-SE-2026-FD9CB4,Lifting & Shop Equipment,Brand New,F-02-07,183,11,In stock,1859.24,340240.92,2026-05-21,2026-05-23,2026-05-24,Reynaldo Cruz,Apex Automotive Supplies Inc.
Heavy Duty Steel Car Ramps Pair,SE-RMP-HD2-827,SN-SE-2026-386A61,Lifting & Shop Equipment,Refurbished,C-01-07,7,11,Reserved,5634.17,39439.19,2026-09-24,2026-09-27,2026-09-29,Michael Ramos,Apex Automotive Supplies Inc.
Synthetic Engine Oil 5W-40 4L,WS-OIL-5W40-447,N/A,Workshop Supplies & Fluids,Brand New,C-02-06,158,8,In stock,2801.04,442564.32,2026-07-25,2026-07-28,2026-07-29,Bong Garcia,Luzon Machinery Supply
Circlip Snap Ring Pliers Set,HT-PLR-SNP-246,LOT-2026-8963,Hand Tools,Brand New,H-06-04,10,24,Reserved,923.85,9238.50,2026-08-11,2026-08-12,2026-08-13,John Reyes,Apex Automotive Supplies Inc.
Piston Ring Compressor 3in,SM-PST-RNG3-811,LOT-2026-5975,Specialty Mechanic Tools,Brand New,D-04-03,31,15,In stock,840.38,26051.78,2026-09-13,2026-09-15,2026-09-16,Ariel Villanueva,Pacific Rim Auto Parts
Ball Joint Press Removal Kit,SM-BLJ-SEP-192,LOT-2026-6095,Specialty Mechanic Tools,Brand New,D-04-01,12,5,Reserved,2424.86,29098.32,2026-02-28,2026-03-01,2026-03-02,Bong Garcia,Metro Tools Import Co.
Air Compressor 50L 3HP,PT-CMP-50L-877,SN-PT-2026-AAD0EE,Power Tools,Refurbished,G-05-04,16,9,Reserved,17126.77,274028.32,2026-07-24,2026-07-27,2026-07-28,Reynaldo Cruz,Manila Industrial Tools Corp.
Carburetor Cleaner Spray 450ml,WS-SPR-CARB-492,LOT-2026-9845,Workshop Supplies & Fluids,Brand New,F-01-09,19,8,Inspection,155.37,2952.03,2026-04-03,Pending,Pending,Pending Inspection,Oriental Tools & Equipment
Pneumatic Oil Extractor 9L,SE-EXT-09L-107,SN-SE-2026-5B4A9B,Lifting & Shop Equipment,Brand New,C-04-03,79,16,In stock,3557.86,281070.94,2026-04-14,2026-04-15,2026-04-17,Bong Garcia,Metro Tools Import Co.
Jack Stands 3 Ton Steel Pair,SE-STD-03T-227,SN-SE-2026-38F4F3,Lifting & Shop Equipment,Brand New,H-03-08,268,15,In stock,2836.48,760176.64,2026-08-20,2026-08-21,2026-08-22,Michael Ramos,Apex Automotive Supplies Inc.
Pneumatic Impact Gun 1/2in,PT-AIR-12I-775,SN-PT-2026-8189BE,Power Tools,Brand New,G-03-04,136,17,In stock,8260.36,1123408.96,2026-06-25,2026-06-26,2026-06-28,Dave Mendoza,Manila Industrial Tools Corp.
Anti-Seize Lubricant 200g,WS-LUB-ANZ-527,N/A,Workshop Supplies & Fluids,Brand New,H-06-08,4,10,Low stock,819.67,3278.68,2026-05-06,2026-05-07,2026-05-09,Bong Garcia,Luzon Machinery Supply
Air Compressor 50L 3HP,PT-CMP-50L-101,SN-PT-2026-715CBB,Power Tools,Brand New,B-09-02,176,11,In stock,15175.99,2670974.24,2026-03-08,2026-03-09,2026-03-10,John Reyes,Kabuayan Tool Distro
Lithium Grease Tube 400g,WS-GRS-LTH-851,LOT-2026-1770,Workshop Supplies & Fluids,Brand New,B-01-01,14,21,Low stock,485.77,6800.78,2026-03-25,2026-03-26,2026-03-28,Bong Garcia,Delta Auto Tools Direct
Diagonal Cutting Pliers 7in,HT-PLR-CUT7-397,N/A,Hand Tools,Brand New,F-04-06,16,20,Low stock,681.72,10907.52,2026-07-30,2026-08-01,2026-08-03,Joseph Bautista,Apex Automotive Supplies Inc.
Ratchet Handle 3/8in Drive,HT-RTC-38D-647,N/A,Hand Tools,Brand New,C-04-05,97,6,In stock,861.17,83533.49,2026-05-23,2026-05-26,2026-05-28,Mark Santos,Kabuayan Tool Distro
Oil Filter Strap Wrench,SM-OFR-STP-330,N/A,Specialty Mechanic Tools,Brand New,A-09-01,13,17,Reserved,306.11,3979.43,2026-07-02,2026-07-05,2026-07-07,Reynaldo Cruz,Pacific Rim Auto Parts
Breaker Bar 24in,HT-BKB-24I-775,N/A,Hand Tools,Brand New,E-08-06,45,16,In stock,1345.44,60544.80,2026-09-11,2026-09-14,2026-09-15,Michael Ramos,Luzon Machinery Supply
Digital Battery Analyzer 12V,DE-BAT-12VA-828,SN-DE-2026-526217,Diagnostic & Electrical,Brand New,E-09-04,13,23,Inspection,3306.55,42985.15,2026-08-15,Pending,Pending,Pending Inspection,Manila Industrial Tools Corp.
Carburetor Cleaner Spray 450ml,WS-SPR-CARB-365,N/A,Workshop Supplies & Fluids,Refurbished,B-04-02,39,22,In stock,191.50,7468.50,2026-05-29,2026-05-30,2026-05-31,Reynaldo Cruz,Visayas Industrial Distribution
Hex Key Allen Set Metric,HT-HEX-MET-247,N/A,Hand Tools,Used / Good,A-04-03,232,14,In stock,505.44,117262.08,2026-06-07,2026-06-08,2026-06-10,Reynaldo Cruz,Global Tech Hardware Philippines
Mechanic Shop Towels 50pk,WS-TWL-50P-469,LOT-2026-6631,Workshop Supplies & Fluids,Brand New,G-02-09,23,9,In stock,1039.72,23913.56,2026-09-14,2026-09-17,2026-09-19,Ariel Villanueva,Global Tech Hardware Philippines
Borescope Endoscope Camera 1080P,DE-CAM-BOR-459,SN-DE-2026-E135AD,Diagnostic & Electrical,Brand New,H-02-06,3,13,Inspection,2477.08,7431.24,2026-04-21,Pending,Pending,Pending Inspection,Apex Automotive Supplies Inc.
Hydraulic Bottle Jack 10 Ton,SE-BTL-10T-523,SN-SE-2026-F7D6C3,Lifting & Shop Equipment,Brand New,E-01-03,81,7,In stock,2089.09,169216.29,2026-03-26,2026-03-29,2026-03-31,Bong Garcia,Delta Auto Tools Direct
Brake Cleaner Spray 500ml,WS-SPR-BRK-579,LOT-2026-5003,Workshop Supplies & Fluids,Brand New,E-06-03,42,9,In stock,258.02,10836.84,2026-05-16,2026-05-17,2026-05-19,Mark Santos,Luzon Machinery Supply
Helicoil Thread Repair Kit M8,SM-THR-M08-842,LOT-2026-3605,Specialty Mechanic Tools,Refurbished,B-05-05,40,18,In stock,778.71,31148.40,2026-02-17,2026-02-20,2026-02-22,Michael Ramos,Global Tech Hardware Philippines
Reciprocating Saw 18V,PT-SAW-18V-769,SN-PT-2026-EA8049,Power Tools,Brand New,F-08-08,9,16,Reserved,9662.51,86962.59,2026-03-13,2026-03-14,2026-03-16,John Reyes,Apex Automotive Supplies Inc.
Oxygen Sensor Socket 22mm,SM-SCK-O2S-711,N/A,Specialty Mechanic Tools,Brand New,G-07-05,16,20,Inspection,872.07,13953.12,2026-02-14,Pending,Pending,Pending Inspection,Delta Auto Tools Direct
Deep Impact Socket Set 1/2in,HT-SCK-IMP12-469,LOT-2026-8307,Hand Tools,Brand New,H-05-08,13,20,Inspection,5009.01,65117.13,2026-01-03,Pending,Pending,Pending Inspection,Global Tech Hardware Philippines
Socket Set 24pc Metric,HT-SCK-24M-305,LOT-2026-1623,Hand Tools,Refurbished,D-02-07,242,5,In stock,2038.67,493358.14,2026-03-16,2026-03-19,2026-03-20,Ariel Villanueva,Manila Industrial Tools Corp.
Socket Set 24pc Metric,HT-SCK-24M-515,LOT-2026-7889,Hand Tools,Brand New,C-01-06,300,9,In stock,3377.19,1013157.00,2026-07-25,2026-07-28,2026-07-30,Dave Mendoza,Oriental Tools & Equipment
Mechanic Shop Towels 50pk,WS-TWL-50P-951,N/A,Workshop Supplies & Fluids,Used / Good,B-06-09,117,10,In stock,1061.55,124201.35,2026-06-01,2026-06-03,2026-06-05,Joseph Bautista,Manila Industrial Tools Corp.
Engine Compression Tester Kit,DE-GST-CMP-703,SN-DE-2026-1990C5,Diagnostic & Electrical,Brand New,G-05-07,3,9,Low stock,2629.21,7887.63,2026-08-18,2026-08-19,2026-08-20,Michael Ramos,Oriental Tools & Equipment
Tie Rod End & Pitman Arm Puller,SM-TRD-RMV-177,LOT-2026-9839,Specialty Mechanic Tools,Brand New,E-09-05,9,16,Inspection,883.47,7951.23,2026-05-29,Pending,Pending,Pending Inspection,Luzon Machinery Supply
Radiator Pressure Tester Kit,DE-GST-RAD-826,SN-DE-2026-803085,Diagnostic & Electrical,Brand New,E-05-09,198,23,In stock,3635.97,719922.06,2026-04-01,2026-04-04,2026-04-05,Reynaldo Cruz,Metro Tools Import Co.
Hydraulic Shop Press 20 Ton,SE-PRS-20T-276,SN-SE-2026-271176,Lifting & Shop Equipment,Brand New,F-02-07,290,23,In stock,22450.27,6510578.30,2026-05-07,2026-05-09,2026-05-11,Ariel Villanueva,Kabuayan Tool Distro
Hydraulic Bottle Jack 10 Ton,SE-BTL-10T-458,SN-SE-2026-E5A8B3,Lifting & Shop Equipment,Brand New,E-04-07,124,18,In stock,2637.91,327100.84,2026-09-03,2026-09-06,2026-09-08,Reynaldo Cruz,Apex Automotive Supplies Inc.
Helicoil Thread Repair Kit M8,SM-THR-M08-698,LOT-2026-3472,Specialty Mechanic Tools,Refurbished,C-06-08,261,13,In stock,782.71,204287.31,2026-08-31,2026-09-03,2026-09-05,Michael Ramos,Delta Auto Tools Direct
Helicoil Thread Repair Kit M8,SM-THR-M08-464,N/A,Specialty Mechanic Tools,Refurbished,A-01-07,4,20,Inspection,760.17,3040.68,2026-05-02,Pending,Pending,Pending Inspection,Oriental Tools & Equipment
Borescope Endoscope Camera 1080P,DE-CAM-BOR-406,SN-DE-2026-D9FB06,Diagnostic & Electrical,Brand New,D-09-03,127,6,In stock,4518.49,573848.23,2026-06-28,2026-06-30,2026-07-02,Joseph Bautista,Visayas Industrial Distribution
Nitrile Gloves Heavy Duty 100pk,WS-GLV-100-283,LOT-2026-8946,Workshop Supplies & Fluids,Brand New,G-01-05,3,9,Low stock,807.78,2423.34,2026-06-21,2026-06-24,2026-06-25,Michael Ramos,Delta Auto Tools Direct
Bench Grinder 6in 350W,PT-BGN-06I-361,SN-PT-2026-2C5FCA,Power Tools,Damaged / Defective,C-09-07,162,10,In stock,4881.33,790775.46,2026-04-20,2026-04-23,2026-04-25,Joseph Bautista,Metro Tools Import Co.
Oil Filter Strap Wrench,SM-OFR-STP-349,LOT-2026-4565,Specialty Mechanic Tools,Brand New,F-04-06,83,8,In stock,314.84,26131.72,2026-04-10,2026-04-12,2026-04-14,Dave Mendoza,Apex Automotive Supplies Inc.
Transmission Jack 0.5 Ton,SE-JCK-TRN-522,SN-SE-2026-B3A116,Lifting & Shop Equipment,Brand New,B-03-02,21,23,Reserved,11985.37,251692.77,2026-04-22,2026-04-24,2026-04-25,Joseph Bautista,Global Tech Hardware Philippines
Reciprocating Saw 18V,PT-SAW-18V-162,SN-PT-2026-369027,Power Tools,Used / Good,D-01-03,10,25,Low stock,5715.11,57151.10,2026-03-03,2026-03-05,2026-03-06,Dave Mendoza,Visayas Industrial Distribution
Ratchet Handle 1/2in Drive,HT-RTC-12D-481,LOT-2026-3696,Hand Tools,Brand New,E-01-02,37,15,In stock,929.95,34408.15,2026-06-02,2026-06-05,2026-06-07,John Reyes,Oriental Tools & Equipment
Carburetor Cleaner Spray 450ml,WS-SPR-CARB-804,N/A,Workshop Supplies & Fluids,Brand New,E-06-02,184,10,In stock,214.74,39512.16,2026-08-19,2026-08-22,2026-08-23,Mark Santos,Kabuayan Tool Distro
Oil Filter Strap Wrench,SM-OFR-STP-137,N/A,Specialty Mechanic Tools,Brand New,D-07-08,181,5,In stock,285.83,51735.23,2026-02-11,2026-02-12,2026-02-14,Dave Mendoza,Delta Auto Tools Direct
3-Jaw Oil Filter Wrench,SM-OFR-3JW-876,N/A,Specialty Mechanic Tools,Brand New,A-07-03,237,22,In stock,344.28,81594.36,2026-05-10,2026-05-13,2026-05-14,Reynaldo Cruz,Apex Automotive Supplies Inc.
Hydraulic Shop Press 12 Ton,SE-PRS-12T-392,SN-SE-2026-5268A5,Lifting & Shop Equipment,Brand New,A-03-09,184,19,In stock,13554.91,2494103.44,2026-09-14,2026-09-15,2026-09-16,John Reyes,Manila Industrial Tools Corp.
DOT 4 Brake Fluid 1L,WS-FLD-DOT4-921,LOT-2026-6123,Workshop Supplies & Fluids,Refurbished,C-04-07,3,8,Low stock,637.90,1913.70,2026-06-27,2026-06-29,2026-06-30,Joseph Bautista,Manila Industrial Tools Corp.
Transmission Jack 0.5 Ton,SE-JCK-TRN-516,SN-SE-2026-474BEA,Lifting & Shop Equipment,Brand New,D-08-02,42,18,In stock,11971.02,502782.84,2026-05-01,2026-05-04,2026-05-05,John Reyes,Luzon Machinery Supply
Adjustable Pipe Wrench 14in,HT-PWR-14I-381,LOT-2026-4934,Hand Tools,Brand New,F-06-04,48,9,In stock,984.98,47279.04,2026-01-01,2026-01-03,2026-01-04,Ariel Villanueva,Global Tech Hardware Philippines
Brake Fluid Moisture Tester,DE-TST-FLD-347,SN-DE-2026-4B51F1,Diagnostic & Electrical,Brand New,E-09-09,233,17,In stock,282.13,65736.29,2026-04-12,2026-04-13,2026-04-14,Michael Ramos,Visayas Industrial Distribution
Needle Nose Pliers 8in,HT-PLR-ND8-390,LOT-2026-5994,Hand Tools,Brand New,E-08-04,17,22,Low stock,485.59,8255.03,2026-06-05,2026-06-07,2026-06-08,Mark Santos,Global Tech Hardware Philippines
Deep Impact Socket Set 1/2in,HT-SCK-IMP12-801,LOT-2026-1478,Hand Tools,Brand New,C-09-07,30,22,In stock,4910.50,147315.00,2026-02-17,2026-02-18,2026-02-20,Joseph Bautista,Global Tech Hardware Philippines
Lithium Grease Tube 400g,WS-GRS-LTH-763,LOT-2026-5727,Workshop Supplies & Fluids,Brand New,F-07-07,196,16,In stock,448.16,87839.36,2026-05-26,2026-05-28,2026-05-29,Michael Ramos,Delta Auto Tools Direct
Amp Clamp Meter AC/DC,DE-MMT-AMP-937,SN-DE-2026-91DB11,Diagnostic & Electrical,Brand New,A-05-07,271,7,In stock,3927.97,1064479.87,2026-05-27,2026-05-29,2026-05-30,Ariel Villanueva,Manila Industrial Tools Corp.
Spark Plug Ignition Tester,DE-TST-SPK-595,SN-DE-2026-2B6DB0,Diagnostic & Electrical,Brand New,G-05-02,12,9,Reserved,480.37,5764.44,2026-07-15,2026-07-16,2026-07-17,Michael Ramos,Metro Tools Import Co.
Jack Stands 6 Ton Heavy Duty Pair,SE-STD-06T-172,SN-SE-2026-CC523B,Lifting & Shop Equipment,Brand New,F-06-09,93,10,In stock,5548.23,515985.39,2026-07-30,2026-07-31,2026-08-01,Bong Garcia,Oriental Tools & Equipment
Brake Fluid Moisture Tester,DE-TST-FLD-646,SN-DE-2026-4D17A7,Diagnostic & Electrical,Brand New,B-07-06,202,8,In stock,497.47,100488.94,2026-08-02,2026-08-03,2026-08-04,Ariel Villanueva,Visayas Industrial Distribution
Fluid Transfer Hand Pump,SM-PMP-FLD-194,N/A,Specialty Mechanic Tools,Brand New,F-03-03,156,13,In stock,540.62,84336.72,2026-05-27,2026-05-28,2026-05-30,Dave Mendoza,Delta Auto Tools Direct
Rolling Shop Stool Adjustable,SE-STL-RLG-421,SN-SE-2026-9CA7BE,Lifting & Shop Equipment,Brand New,F-07-02,7,11,Low stock,2877.87,20145.09,2026-05-05,2026-05-07,2026-05-08,Reynaldo Cruz,Delta Auto Tools Direct
Cordless Angle Grinder 18V,PT-GRN-18V-679,SN-PT-2026-9E6CDC,Power Tools,Refurbished,H-01-05,22,15,Reserved,4355.35,95817.70,2026-01-29,2026-01-30,2026-02-01,Dave Mendoza,Manila Industrial Tools Corp.
Oxygen Sensor Socket 22mm,SM-SCK-O2S-619,LOT-2026-1696,Specialty Mechanic Tools,Used / Good,D-02-09,10,22,Reserved,424.41,4244.10,2026-05-26,2026-05-29,2026-05-30,Joseph Bautista,Manila Industrial Tools Corp.
Spark Plug Ignition Tester,DE-TST-SPK-750,SN-DE-2026-D8A68A,Diagnostic & Electrical,Brand New,G-01-01,244,23,In stock,801.24,195502.56,2026-07-23,2026-07-24,2026-07-26,John Reyes,Metro Tools Import Co.
Synthetic Engine Oil 5W-30 4L,WS-OIL-5W30-794,LOT-2026-4043,Workshop Supplies & Fluids,Brand New,C-01-09,11,10,In stock,2018.27,22200.97,2026-01-10,2026-01-12,2026-01-14,Dave Mendoza,Visayas Industrial Distribution
Threadlocker Medium Blue 50ml,WS-TLK-BLU-276,N/A,Workshop Supplies & Fluids,Brand New,E-02-06,270,16,In stock,1020.72,275594.40,2026-08-14,2026-08-16,2026-08-18,Bong Garcia,Manila Industrial Tools Corp.
Waste Oil Drain Pan 15L,SE-PAN-15L-525,SN-SE-2026-4E464D,Lifting & Shop Equipment,Brand New,F-07-06,216,13,In stock,689.61,148955.76,2026-03-03,2026-03-05,2026-03-07,Dave Mendoza,Manila Industrial Tools Corp.
Cordless Angle Grinder 18V,PT-GRN-18V-998,SN-PT-2026-2D4511,Power Tools,Brand New,C-01-09,264,10,In stock,6510.63,1718806.32,2026-05-22,2026-05-23,2026-05-25,Mark Santos,Oriental Tools & Equipment
DOT 4 Brake Fluid 1L,WS-FLD-DOT4-694,N/A,Workshop Supplies & Fluids,Refurbished,A-09-03,20,10,In stock,736.29,14725.80,2026-03-02,2026-03-05,2026-03-06,Ariel Villanueva,Kabuayan Tool Distro
Brake Fluid Moisture Tester,DE-TST-FLD-883,SN-DE-2026-DBE59A,Diagnostic & Electrical,Brand New,H-03-04,5,8,Low stock,600.91,3004.55,2026-07-12,2026-07-14,2026-07-16,Reynaldo Cruz,Apex Automotive Supplies Inc.
Spark Plug Magnetic Socket Set,SM-SCK-SPK-471,N/A,Specialty Mechanic Tools,Used / Good,A-04-07,4,7,Low stock,995.10,3980.40,2026-06-03,2026-06-05,2026-06-06,John Reyes,Pacific Rim Auto Parts
Hex Key Allen Set Metric,HT-HEX-MET-612,N/A,Hand Tools,Brand New,H-05-03,141,17,In stock,363.02,51185.82,2026-07-09,2026-07-12,2026-07-13,Mark Santos,Pacific Rim Auto Parts
Carburetor Cleaner Spray 450ml,WS-SPR-CARB-468,N/A,Workshop Supplies & Fluids,Brand New,D-04-06,8,13,Inspection,234.66,1877.28,2026-01-25,Pending,Pending,Pending Inspection,Delta Auto Tools Direct
Digital Battery Analyzer 12V,DE-BAT-12VA-198,SN-DE-2026-E7E08F,Diagnostic & Electrical,Refurbished,C-03-06,7,20,Inspection,4028.10,28196.70,2026-08-23,Pending,Pending,Pending Inspection,Kabuayan Tool Distro
Torx Key Set T10-T50,HT-TRX-T50-758,N/A,Hand Tools,Brand New,B-05-02,297,11,In stock,592.62,176008.14,2026-06-21,2026-06-23,2026-06-24,Reynaldo Cruz,Delta Auto Tools Direct
Spark Plug Magnetic Socket Set,SM-SCK-SPK-455,N/A,Specialty Mechanic Tools,Brand New,A-08-06,23,22,Reserved,492.87,11336.01,2026-06-19,2026-06-21,2026-06-23,Michael Ramos,Apex Automotive Supplies Inc.
Brass Punch Set 5pc,HT-PCH-05P-242,N/A,Hand Tools,Brand New,E-09-02,165,18,In stock,1266.83,209026.95,2026-07-11,2026-07-14,2026-07-15,Bong Garcia,Visayas Industrial Distribution
Heat Gun 2000W Dual Temp,PT-HTG-20K-915,SN-PT-2026-56F6A4,Power Tools,Refurbished,G-06-07,150,25,In stock,2354.98,353247.00,2026-06-01,2026-06-02,2026-06-04,Michael Ramos,Oriental Tools & Equipment
Breaker Bar 24in,HT-BKB-24I-740,LOT-2026-2059,Hand Tools,Brand New,E-08-03,284,22,In stock,1772.20,503304.80,2026-03-02,2026-03-03,2026-03-04,Joseph Bautista,Global Tech Hardware Philippines
Anti-Seize Lubricant 200g,WS-LUB-ANZ-917,LOT-2026-7331,Workshop Supplies & Fluids,Brand New,E-02-05,290,18,In stock,838.91,243283.90,2026-02-23,2026-02-24,2026-02-26,Dave Mendoza,Visayas Industrial Distribution
Strut Spring Compressor Pair,SM-STR-CMP-316,N/A,Specialty Mechanic Tools,Used / Good,G-06-03,4,17,Low stock,2602.61,10410.44,2026-09-06,2026-09-08,2026-09-10,Michael Ramos,Apex Automotive Supplies Inc.
Engine Stand 1000lbs Rotating,SE-ENG-1000-750,SN-SE-2026-30D00A,Lifting & Shop Equipment,Brand New,G-02-09,13,14,Low stock,8225.96,106937.48,2026-09-04,2026-09-06,2026-09-08,Mark Santos,Visayas Industrial Distribution
Spark Plug Ignition Tester,DE-TST-SPK-682,SN-DE-2026-D3BEC0,Diagnostic & Electrical,Brand New,D-01-02,7,25,Reserved,790.92,5536.44,2026-01-24,2026-01-25,2026-01-26,Bong Garcia,Apex Automotive Supplies Inc.
Cordless Impact Driver 18V,PT-IMP-18V-733,SN-PT-2026-5EED88,Power Tools,Used / Good,G-04-01,42,21,In stock,8573.75,360097.50,2026-01-20,2026-01-21,2026-01-23,Michael Ramos,Delta Auto Tools Direct
Carburetor Cleaner Spray 450ml,WS-SPR-CARB-566,N/A,Workshop Supplies & Fluids,Brand New,B-06-09,164,16,In stock,276.10,45280.40,2026-04-15,2026-04-18,2026-04-20,John Reyes,Delta Auto Tools Direct
Hydraulic Shop Press 20 Ton,SE-PRS-20T-180,SN-SE-2026-729D71,Lifting & Shop Equipment,Brand New,D-04-08,8,17,Low stock,23298.76,186390.08,2026-02-27,2026-02-28,2026-03-01,John Reyes,Manila Industrial Tools Corp.
Battery Load Tester 100A,DE-BAT-100A-388,SN-DE-2026-4FBAF5,Diagnostic & Electrical,Brand New,E-07-07,6,18,Low stock,1882.74,11296.44,2026-04-16,2026-04-17,2026-04-18,Joseph Bautista,Visayas Industrial Distribution
Cordless Angle Grinder 18V,PT-GRN-18V-912,SN-PT-2026-1F3C7E,Power Tools,Refurbished,G-07-02,2,13,Inspection,5753.99,11507.98,2026-03-13,Pending,Pending,Pending Inspection,Luzon Machinery Supply
Torx Key Set T10-T50,HT-TRX-T50-144,LOT-2026-1644,Hand Tools,Brand New,C-07-04,88,15,In stock,477.31,42003.28,2026-04-01,2026-04-04,2026-04-06,Reynaldo Cruz,Metro Tools Import Co.
Spark Plug Ignition Tester,DE-TST-SPK-741,SN-DE-2026-C2ED4F,Diagnostic & Electrical,Brand New,E-06-06,146,24,In stock,418.69,61128.74,2026-02-22,2026-02-24,2026-02-25,Dave Mendoza,Metro Tools Import Co.
Brass Punch Set 5pc,HT-PCH-05P-541,LOT-2026-9054,Hand Tools,Used / Good,H-03-08,285,8,In stock,1204.09,343165.65,2026-08-26,2026-08-29,2026-08-31,Mark Santos,Pacific Rim Auto Parts
Heat Gun 2000W Dual Temp,PT-HTG-20K-512,SN-PT-2026-CB9CA8,Power Tools,Refurbished,H-01-09,27,18,Reserved,1422.88,38417.76,2026-06-14,2026-06-15,2026-06-16,Reynaldo Cruz,Kabuayan Tool Distro
Synthetic Engine Oil 5W-40 4L,WS-OIL-5W40-795,LOT-2026-4165,Workshop Supplies & Fluids,Brand New,A-06-01,217,10,In stock,1987.19,431220.23,2026-04-15,2026-04-17,2026-04-18,Joseph Bautista,Manila Industrial Tools Corp.
Engine Stand 1000lbs Rotating,SE-ENG-1000-101,SN-SE-2026-5D1C0F,Lifting & Shop Equipment,Brand New,D-09-01,29,9,Reserved,5727.58,166099.82,2026-04-16,2026-04-18,2026-04-19,Joseph Bautista,Pacific Rim Auto Parts
Engine Timing Light Strobe,DE-TMG-STR-363,SN-DE-2026-A22D81,Diagnostic & Electrical,Used / Good,E-06-02,89,25,In stock,2726.31,242641.59,2026-04-03,2026-04-06,2026-04-07,Michael Ramos,Apex Automotive Supplies Inc.
Hydraulic Bottle Jack 10 Ton,SE-BTL-10T-976,SN-SE-2026-F79F22,Lifting & Shop Equipment,Brand New,E-09-04,224,19,In stock,2669.90,598057.60,2026-08-14,2026-08-16,2026-08-18,Michael Ramos,Metro Tools Import Co.
Engine Compression Tester Kit,DE-GST-CMP-767,SN-DE-2026-920E95,Diagnostic & Electrical,Brand New,F-02-04,91,7,In stock,2938.76,267427.16,2026-05-03,2026-05-06,2026-05-07,Joseph Bautista,Visayas Industrial Distribution
Cordless Impact Wrench 20V,PT-IMP-20V-744,SN-PT-2026-9B5155,Power Tools,Brand New,B-04-03,49,23,In stock,9432.75,462204.75,2026-07-14,2026-07-15,2026-07-17,Michael Ramos,Apex Automotive Supplies Inc.
Engine Hoist Crane Foldable 2 Ton,SE-HST-02T-999,SN-SE-2026-750D72,Lifting & Shop Equipment,Refurbished,E-09-04,7,22,Low stock,23048.42,161338.94,2026-07-03,2026-07-06,2026-07-08,John Reyes,Oriental Tools & Equipment
Breaker Bar 24in,HT-BKB-24I-140,LOT-2026-8649,Hand Tools,Brand New,F-04-07,6,18,Reserved,1208.72,7252.32,2026-03-15,2026-03-17,2026-03-19,Bong Garcia,Pacific Rim Auto Parts
Penetrating Oil Spray 400ml,WS-SPR-PNT-594,LOT-2026-4853,Workshop Supplies & Fluids,Refurbished,H-06-07,261,14,In stock,336.97,87949.17,2026-03-15,2026-03-18,2026-03-20,Joseph Bautista,Pacific Rim Auto Parts
Cordless Impact Wrench 20V,PT-IMP-20V-286,SN-PT-2026-F1CD06,Power Tools,Brand New,H-09-08,287,16,In stock,11009.55,3159740.85,2026-07-04,2026-07-07,2026-07-08,Michael Ramos,Global Tech Hardware Philippines
Strut Spring Compressor Pair,SM-STR-CMP-554,LOT-2026-3043,Specialty Mechanic Tools,Brand New,C-09-06,9,19,Low stock,3692.95,33236.55,2026-04-23,2026-04-24,2026-04-26,Bong Garcia,Metro Tools Import Co.
Rubber Mallet 16oz,HT-MLT-16O-758,N/A,Hand Tools,Damaged / Defective,A-06-07,134,5,In stock,572.74,76747.16,2026-09-25,2026-09-26,2026-09-27,Dave Mendoza,Apex Automotive Supplies Inc.
Heavy Duty Hand Cleaner 3.78L,WS-HND-378-727,N/A,Workshop Supplies & Fluids,Brand New,F-04-09,100,7,In stock,1592.54,159254.00,2026-04-23,2026-04-25,2026-04-26,Ariel Villanueva,Pacific Rim Auto Parts
Pneumatic Impact Gun 3/4in,PT-AIR-34I-781,SN-PT-2026-1D33A0,Power Tools,Brand New,D-04-09,3,9,Low stock,12711.99,38135.97,2026-08-31,2026-09-01,2026-09-02,Bong Garcia,Global Tech Hardware Philippines
Nitrile Gloves Heavy Duty 100pk,WS-GLV-100-942,LOT-2026-7330,Workshop Supplies & Fluids,Brand New,A-06-01,176,13,In stock,808.21,142244.96,2026-01-19,2026-01-20,2026-01-21,Dave Mendoza,Kabuayan Tool Distro
Semi-Synthetic Oil 10W-40 4L,WS-OIL-10W40-969,N/A,Workshop Supplies & Fluids,Brand New,C-06-06,42,8,In stock,1886.22,79221.24,2026-08-04,2026-08-06,2026-08-07,Bong Garcia,Kabuayan Tool Distro
Heavy Duty Steel Car Ramps Pair,SE-RMP-HD2-390,SN-SE-2026-CBACA4,Lifting & Shop Equipment,Brand New,C-04-04,12,22,Low stock,5610.55,67326.60,2026-03-14,2026-03-17,2026-03-18,John Reyes,Metro Tools Import Co.
Brake Caliper Piston Press Tool,SM-BRK-PST-582,N/A,Specialty Mechanic Tools,Refurbished,C-03-09,165,17,In stock,1379.46,227610.90,2026-08-05,2026-08-06,2026-08-07,Joseph Bautista,Kabuayan Tool Distro
Synthetic Engine Oil 5W-30 4L,WS-OIL-5W30-535,LOT-2026-1887,Workshop Supplies & Fluids,Brand New,F-02-04,17,15,Reserved,1921.70,32668.90,2026-03-29,2026-03-31,2026-04-02,Michael Ramos,Pacific Rim Auto Parts
Valve Spring Compressor Tool,SM-VLV-CMP-511,N/A,Specialty Mechanic Tools,Brand New,B-09-07,13,16,Reserved,1582.24,20569.12,2026-05-26,2026-05-28,2026-05-29,Bong Garcia,Global Tech Hardware Philippines
Engine Compression Tester Kit,DE-GST-CMP-166,SN-DE-2026-5ABF3D,Diagnostic & Electrical,Brand New,G-01-08,2,22,Low stock,2373.71,4747.42,2026-04-25,2026-04-27,2026-04-29,Reynaldo Cruz,Manila Industrial Tools Corp.
Helicoil Thread Repair Kit M8,SM-THR-M08-965,LOT-2026-4151,Specialty Mechanic Tools,Used / Good,C-07-03,190,17,In stock,853.88,162237.20,2026-01-21,2026-01-23,2026-01-25,Ariel Villanueva,Pacific Rim Auto Parts
Oil Filter Strap Wrench,SM-OFR-STP-383,LOT-2026-9049,Specialty Mechanic Tools,Brand New,E-06-03,295,12,In stock,543.43,160311.85,2026-08-25,2026-08-28,2026-08-29,Michael Ramos,Oriental Tools & Equipment
Nitrile Gloves Heavy Duty 100pk,WS-GLV-100-803,LOT-2026-5853,Workshop Supplies & Fluids,Brand New,G-03-01,13,15,Low stock,864.91,11243.83,2026-05-20,2026-05-22,2026-05-23,John Reyes,Delta Auto Tools Direct
Borescope Endoscope Camera 1080P,DE-CAM-BOR-611,SN-DE-2026-82577D,Diagnostic & Electrical,Brand New,D-02-02,12,15,Low stock,5921.93,71063.16,2026-02-24,2026-02-26,2026-02-27,Joseph Bautista,Apex Automotive Supplies Inc.
Reciprocating Saw 18V,PT-SAW-18V-185,SN-PT-2026-2D9943,Power Tools,Brand New,H-08-04,294,25,In stock,6458.18,1898704.92,2026-09-01,2026-09-03,2026-09-04,Dave Mendoza,Luzon Machinery Supply
Engine Stand 1000lbs Rotating,SE-ENG-1000-479,SN-SE-2026-BB186F,Lifting & Shop Equipment,Brand New,B-05-04,15,7,Reserved,5673.22,85098.30,2026-03-08,2026-03-10,2026-03-11,Bong Garcia,Delta Auto Tools Direct
Brass Punch Set 5pc,HT-PCH-05P-740,LOT-2026-1620,Hand Tools,Brand New,C-01-09,6,16,Low stock,1297.30,7783.80,2026-03-30,2026-04-02,2026-04-03,Michael Ramos,Metro Tools Import Co.
Pneumatic Impact Gun 3/4in,PT-AIR-34I-462,SN-PT-2026-8EDB6C,Power Tools,Brand New,C-09-07,11,12,Low stock,14255.27,156807.97,2026-09-22,2026-09-24,2026-09-26,Bong Garcia,Pacific Rim Auto Parts
Digital Battery Analyzer 12V,DE-BAT-12VA-554,SN-DE-2026-D01A42,Diagnostic & Electrical,Brand New,E-07-02,114,23,In stock,3430.58,391086.12,2026-09-26,2026-09-28,2026-09-29,Reynaldo Cruz,Visayas Industrial Distribution
Carburetor Cleaner Spray 450ml,WS-SPR-CARB-416,N/A,Workshop Supplies & Fluids,Brand New,A-06-03,101,22,In stock,220.94,22314.94,2026-07-17,2026-07-19,2026-07-20,Dave Mendoza,Delta Auto Tools Direct
DOT 4 Brake Fluid 1L,WS-FLD-DOT4-265,LOT-2026-6230,Workshop Supplies & Fluids,Brand New,A-01-09,20,13,Reserved,629.24,12584.80,2026-03-06,2026-03-09,2026-03-11,Reynaldo Cruz,Manila Industrial Tools Corp.
Synthetic Engine Oil 5W-40 4L,WS-OIL-5W40-790,LOT-2026-9525,Workshop Supplies & Fluids,Brand New,H-02-04,13,24,Reserved,3123.82,40609.66,2026-08-31,2026-09-01,2026-09-02,Dave Mendoza,Luzon Machinery Supply
Hydraulic Shop Press 20 Ton,SE-PRS-20T-730,SN-SE-2026-C08145,Lifting & Shop Equipment,Brand New,F-07-05,3,8,Low stock,28596.36,85789.08,2026-01-19,2026-01-20,2026-01-21,John Reyes,Luzon Machinery Supply
Pneumatic Impact Gun 3/4in,PT-AIR-34I-596,SN-PT-2026-D75025,Power Tools,Brand New,E-07-07,66,12,In stock,11881.70,784192.20,2026-06-12,2026-06-15,2026-06-17,Michael Ramos,Pacific Rim Auto Parts
Pneumatic Air Ratchet 3/8in,PT-AIR-38R-927,SN-PT-2026-3E1C87,Power Tools,Brand New,F-07-09,25,16,Reserved,3423.66,85591.50,2026-03-23,2026-03-26,2026-03-28,Ariel Villanueva,Manila Industrial Tools Corp.
Socket Set 24pc Metric,HT-SCK-24M-434,LOT-2026-8531,Hand Tools,Brand New,G-04-09,128,16,In stock,2050.98,262525.44,2026-05-04,2026-05-06,2026-05-08,Reynaldo Cruz,Oriental Tools & Equipment
Adjustable Pipe Wrench 18in,HT-PWR-18I-160,N/A,Hand Tools,Damaged / Defective,A-07-08,5,22,Low stock,1335.71,6678.55,2026-01-12,2026-01-13,2026-01-15,Reynaldo Cruz,Oriental Tools & Equipment
Threadlocker Medium Blue 50ml,WS-TLK-BLU-656,N/A,Workshop Supplies & Fluids,Damaged / Defective,E-03-05,252,16,In stock,616.86,155448.72,2026-06-23,2026-06-25,2026-06-27,Michael Ramos,Visayas Industrial Distribution
Pneumatic Air Ratchet 3/8in,PT-AIR-38R-267,SN-PT-2026-751C52,Power Tools,Brand New,F-07-09,165,12,In stock,3255.45,537149.25,2026-04-10,2026-04-12,2026-04-13,Michael Ramos,Kabuayan Tool Distro
Reciprocating Saw 18V,PT-SAW-18V-556,SN-PT-2026-FFB73C,Power Tools,Brand New,D-05-01,7,24,Low stock,4833.46,33834.22,2026-09-12,2026-09-13,2026-09-15,Mark Santos,Apex Automotive Supplies Inc.
Heavy Duty Hand Cleaner 3.78L,WS-HND-378-578,LOT-2026-5659,Workshop Supplies & Fluids,Brand New,E-07-07,168,24,In stock,1308.91,219896.88,2026-03-28,2026-03-29,2026-03-31,Mark Santos,Pacific Rim Auto Parts
Strut Spring Compressor Pair,SM-STR-CMP-748,LOT-2026-8000,Specialty Mechanic Tools,Brand New,H-02-06,11,22,Low stock,3507.21,38579.31,2026-02-24,2026-02-25,2026-02-26,John Reyes,Visayas Industrial Distribution
Oil Filter Strap Wrench,SM-OFR-STP-404,N/A,Specialty Mechanic Tools,Brand New,H-06-07,292,24,In stock,578.43,168901.56,2026-08-06,2026-08-07,2026-08-09,Mark Santos,Pacific Rim Auto Parts
Angle Grinder 4.5in 850W,PT-GRN-45I-751,SN-PT-2026-BB9103,Power Tools,Refurbished,D-06-07,26,24,Reserved,4336.03,112736.78,2026-05-09,2026-05-12,2026-05-13,Dave Mendoza,Metro Tools Import Co.
Torque Wrench 1/2in Drive,HT-TRQ-12D-911,LOT-2026-3739,Hand Tools,Brand New,E-02-03,247,9,In stock,4658.75,1150711.25,2026-10-02,2026-10-04,2026-10-06,Michael Ramos,Apex Automotive Supplies Inc.
Fluid Transfer Hand Pump,SM-PMP-FLD-647,N/A,Specialty Mechanic Tools,Brand New,A-09-06,131,8,In stock,700.49,91764.19,2026-03-24,2026-03-25,2026-03-27,John Reyes,Delta Auto Tools Direct
Lithium Grease Tube 400g,WS-GRS-LTH-701,LOT-2026-3505,Workshop Supplies & Fluids,Brand New,F-07-09,285,8,In stock,304.30,86725.50,2026-07-06,2026-07-09,2026-07-10,Joseph Bautista,Metro Tools Import Co.
Pneumatic Impact Gun 1/2in,PT-AIR-12I-767,SN-PT-2026-6A7185,Power Tools,Damaged / Defective,H-07-02,9,12,Reserved,3810.82,34297.38,2026-06-12,2026-06-15,2026-06-16,Joseph Bautista,Kabuayan Tool Distro
Brake Caliper Piston Press Tool,SM-BRK-PST-483,LOT-2026-8323,Specialty Mechanic Tools,Brand New,F-07-09,73,18,In stock,1772.49,129391.77,2026-03-27,2026-03-28,2026-03-30,Reynaldo Cruz,Pacific Rim Auto Parts
Valve Spring Compressor Tool,SM-VLV-CMP-500,LOT-2026-5106,Specialty Mechanic Tools,Refurbished,H-02-05,221,12,In stock,2610.02,576814.42,2026-09-30,2026-10-02,2026-10-03,Dave Mendoza,Global Tech Hardware Philippines
Cordless Impact Wrench 20V,PT-IMP-20V-453,SN-PT-2026-44D764,Power Tools,Brand New,E-02-04,7,10,Reserved,14141.48,98990.36,2026-05-29,2026-05-30,2026-05-31,Dave Mendoza,Apex Automotive Supplies Inc.
Engine Timing Light Strobe,DE-TMG-STR-608,SN-DE-2026-9006F9,Diagnostic & Electrical,Brand New,H-08-08,24,6,In stock,3226.22,77429.28,2026-07-16,2026-07-19,2026-07-21,Joseph Bautista,Manila Industrial Tools Corp.
Threadlocker Medium Blue 50ml,WS-TLK-BLU-159,N/A,Workshop Supplies & Fluids,Brand New,C-07-04,52,6,In stock,866.77,45072.04,2026-03-19,2026-03-22,2026-03-24,Mark Santos,Metro Tools Import Co.
Diagonal Cutting Pliers 7in,HT-PLR-CUT7-572,N/A,Hand Tools,Brand New,G-07-03,298,7,In stock,390.97,116509.06,2026-07-05,2026-07-08,2026-07-09,Bong Garcia,Kabuayan Tool Distro
Borescope Endoscope Camera 1080P,DE-CAM-BOR-281,SN-DE-2026-9646CD,Diagnostic & Electrical,Brand New,F-08-04,10,12,Low stock,5606.47,56064.70,2026-05-18,2026-05-19,2026-05-21,Michael Ramos,Delta Auto Tools Direct
Amp Clamp Meter AC/DC,DE-MMT-AMP-393,SN-DE-2026-AC2A45,Diagnostic & Electrical,Brand New,A-03-03,257,19,In stock,3774.34,970005.38,2026-05-13,2026-05-14,2026-05-15,Dave Mendoza,Delta Auto Tools Direct
Circlip Snap Ring Pliers Set,HT-PLR-SNP-647,N/A,Hand Tools,Used / Good,C-08-08,22,19,Reserved,753.22,16570.84,2026-05-15,2026-05-16,2026-05-18,Reynaldo Cruz,Luzon Machinery Supply
Semi-Synthetic Oil 10W-40 4L,WS-OIL-10W40-753,N/A,Workshop Supplies & Fluids,Used / Good,H-07-03,129,13,In stock,1700.11,219314.19,2026-06-11,2026-06-13,2026-06-14,Joseph Bautista,Luzon Machinery Supply
Bench Grinder 6in 350W,PT-BGN-06I-524,SN-PT-2026-662277,Power Tools,Brand New,G-06-03,3,5,Low stock,4982.40,14947.20,2026-06-02,2026-06-05,2026-06-07,Mark Santos,Global Tech Hardware Philippines
Helicoil Thread Repair Kit M10,SM-THR-M10-536,N/A,Specialty Mechanic Tools,Brand New,G-07-06,181,17,In stock,788.54,142725.74,2026-01-21,2026-01-22,2026-01-24,Ariel Villanueva,Oriental Tools & Equipment
Cordless Impact Wrench 20V,PT-IMP-20V-958,SN-PT-2026-D2EE63,Power Tools,Brand New,E-05-03,162,11,In stock,8234.85,1334045.70,2026-05-31,2026-06-02,2026-06-04,John Reyes,Visayas Industrial Distribution
Jack Stands 3 Ton Steel Pair,SE-STD-03T-610,SN-SE-2026-DB4DBE,Lifting & Shop Equipment,Brand New,C-04-01,236,18,In stock,3292.72,777081.92,2026-04-13,2026-04-16,2026-04-17,Ariel Villanueva,Manila Industrial Tools Corp.
Battery Load Tester 100A,DE-BAT-100A-194,SN-DE-2026-D62248,Diagnostic & Electrical,Brand New,G-03-02,107,10,In stock,2381.33,254802.31,2026-04-07,2026-04-10,2026-04-12,Dave Mendoza,Manila Industrial Tools Corp.
Engine Stand 1000lbs Rotating,SE-ENG-1000-711,SN-SE-2026-4B67EA,Lifting & Shop Equipment,Brand New,H-02-08,2,13,Low stock,6710.68,13421.36,2026-02-11,2026-02-14,2026-02-15,Michael Ramos,Pacific Rim Auto Parts
Circuit Tester Light 12V-24V,DE-TST-CKT-979,SN-DE-2026-983037,Diagnostic & Electrical,Used / Good,F-06-02,84,18,In stock,525.88,44173.92,2026-03-23,2026-03-24,2026-03-25,Mark Santos,Apex Automotive Supplies Inc.
Adjustable Pipe Wrench 14in,HT-PWR-14I-894,LOT-2026-8327,Hand Tools,Brand New,B-01-09,18,19,Low stock,1256.72,22620.96,2026-07-19,2026-07-22,2026-07-23,Reynaldo Cruz,Manila Industrial Tools Corp.
Hydraulic Floor Jack 3 Ton,SE-JCK-03T-114,SN-SE-2026-457716,Lifting & Shop Equipment,Brand New,A-09-02,153,25,In stock,5433.76,831365.28,2026-04-09,2026-04-12,2026-04-13,Mark Santos,Luzon Machinery Supply
Combination Wrench 12mm,HT-WRN-12M-112,N/A,Hand Tools,Brand New,B-02-05,9,21,Reserved,370.76,3336.84,2026-09-30,2026-10-01,2026-10-03,Dave Mendoza,Luzon Machinery Supply
Borescope Endoscope Camera 1080P,DE-CAM-BOR-198,SN-DE-2026-7CDA01,Diagnostic & Electrical,Brand New,D-03-06,8,22,Low stock,5702.48,45619.84,2026-05-23,2026-05-24,2026-05-25,Ariel Villanueva,Oriental Tools & Equipment
Digital Multimeter Auto-Ranging,DE-MMT-DIGI-351,SN-DE-2026-5D496E,Diagnostic & Electrical,Brand New,G-01-05,224,20,In stock,3593.28,804894.72,2026-02-14,2026-02-15,2026-02-17,Mark Santos,Delta Auto Tools Direct
Reciprocating Saw 18V,PT-SAW-18V-545,SN-PT-2026-452B52,Power Tools,Brand New,A-04-04,17,20,Reserved,4852.43,82491.31,2026-07-01,2026-07-04,2026-07-05,Mark Santos,Visayas Industrial Distribution
Automatic Transmission Fluid 1L,WS-FLD-ATF1-513,LOT-2026-2147,Workshop Supplies & Fluids,Refurbished,D-03-05,36,8,In stock,602.56,21692.16,2026-09-25,2026-09-26,2026-09-27,Michael Ramos,Pacific Rim Auto Parts
Adjustable Pipe Wrench 14in,HT-PWR-14I-101,N/A,Hand Tools,Brand New,D-08-05,15,8,Reserved,1000.99,15014.85,2026-01-04,2026-01-06,2026-01-08,Ariel Villanueva,Metro Tools Import Co.
Oxygen Sensor Socket 22mm,SM-SCK-O2S-920,LOT-2026-7807,Specialty Mechanic Tools,Brand New,D-06-04,11,15,Low stock,462.37,5086.07,2026-06-04,2026-06-07,2026-06-08,Reynaldo Cruz,Delta Auto Tools Direct
Brake Cleaner Spray 500ml,WS-SPR-BRK-729,LOT-2026-9121,Workshop Supplies & Fluids,Brand New,G-01-09,197,24,In stock,322.86,63603.42,2026-04-25,2026-04-27,2026-04-28,Joseph Bautista,Kabuayan Tool Distro
Bearing Puller Separator Kit 9pc,SM-PLR-BRG-437,LOT-2026-1985,Specialty Mechanic Tools,Brand New,D-02-03,83,20,In stock,2972.18,246690.94,2026-07-23,2026-07-25,2026-07-26,Mark Santos,Visayas Industrial Distribution
Ratchet Handle 1/2in Drive,HT-RTC-12D-783,LOT-2026-4595,Hand Tools,Refurbished,B-03-04,163,14,In stock,1117.00,182071.00,2026-07-13,2026-07-16,2026-07-17,Michael Ramos,Visayas Industrial Distribution
Low Profile Floor Jack 3.5 Ton,SE-JCK-35LP-445,SN-SE-2026-564DA3,Lifting & Shop Equipment,Brand New,D-08-05,88,21,In stock,6191.89,544886.32,2026-03-16,2026-03-17,2026-03-18,Mark Santos,Metro Tools Import Co.
Cordless Impact Driver 18V,PT-IMP-18V-649,SN-PT-2026-78976E,Power Tools,Refurbished,G-06-03,7,25,Inspection,10747.38,75231.66,2026-02-23,Pending,Pending,Pending Inspection,Luzon Machinery Supply
Torx Key Set T10-T50,HT-TRX-T50-717,LOT-2026-2141,Hand Tools,Brand New,G-02-09,146,21,In stock,785.61,114699.06,2026-05-29,2026-05-30,2026-05-31,John Reyes,Kabuayan Tool Distro
Cordless Drill Driver 18V,PT-DRL-18V-876,SN-PT-2026-4E0A51,Power Tools,Brand New,A-09-03,177,15,In stock,4127.81,730622.37,2026-09-19,2026-09-22,2026-09-23,Dave Mendoza,Visayas Industrial Distribution
RTV Silicone Gasket Black 85g,WS-GSK-RTV-186,N/A,Workshop Supplies & Fluids,Brand New,H-06-08,77,11,In stock,310.60,23916.20,2026-09-07,2026-09-08,2026-09-09,Bong Garcia,Luzon Machinery Supply
Adjustable Pipe Wrench 14in,HT-PWR-14I-349,LOT-2026-8365,Hand Tools,Brand New,C-02-09,17,17,Reserved,1036.21,17615.57,2026-05-10,2026-05-12,2026-05-13,John Reyes,Oriental Tools & Equipment
Brake Fluid Moisture Tester,DE-TST-FLD-261,SN-DE-2026-912056,Diagnostic & Electrical,Brand New,F-01-06,259,20,In stock,444.32,115078.88,2026-04-15,2026-04-17,2026-04-18,Joseph Bautista,Luzon Machinery Supply
Synthetic Engine Oil 5W-30 4L,WS-OIL-5W30-772,LOT-2026-6535,Workshop Supplies & Fluids,Brand New,B-04-08,120,20,In stock,2578.14,309376.80,2026-05-31,2026-06-01,2026-06-02,Bong Garcia,Pacific Rim Auto Parts
3-Jaw Oil Filter Wrench,SM-OFR-3JW-838,LOT-2026-5037,Specialty Mechanic Tools,Brand New,E-04-04,251,10,In stock,487.25,122299.75,2026-06-03,2026-06-05,2026-06-06,Reynaldo Cruz,Luzon Machinery Supply
Digital Battery Analyzer 12V,DE-BAT-12VA-397,SN-DE-2026-D5023D,Diagnostic & Electrical,Brand New,B-01-03,1,14,Low stock,3155.54,3155.54,2026-09-25,2026-09-26,2026-09-27,Bong Garcia,Oriental Tools & Equipment
Cordless Angle Grinder 18V,PT-GRN-18V-949,SN-PT-2026-8A0BED,Power Tools,Brand New,B-08-05,6,22,Low stock,5824.20,34945.20,2026-06-19,2026-06-20,2026-06-21,Dave Mendoza,Global Tech Hardware Philippines
Jack Stands 3 Ton Steel Pair,SE-STD-03T-185,SN-SE-2026-1A00D2,Lifting & Shop Equipment,Brand New,H-01-06,93,16,In stock,2284.32,212441.76,2026-06-20,2026-06-23,2026-06-24,John Reyes,Pacific Rim Auto Parts
Pneumatic Impact Gun 3/4in,PT-AIR-34I-752,SN-PT-2026-D4FA4B,Power Tools,Damaged / Defective,C-04-01,13,20,Reserved,9115.04,118495.52,2026-09-15,2026-09-16,2026-09-17,Reynaldo Cruz,Delta Auto Tools Direct
Electric Die Grinder 6mm,PT-DIE-06M-650,SN-PT-2026-BA91EE,Power Tools,Brand New,C-09-08,175,19,In stock,2922.05,511358.75,2026-05-13,2026-05-14,2026-05-15,Joseph Bautista,Visayas Industrial Distribution
Torx Key Set T10-T50,HT-TRX-T50-516,LOT-2026-4026,Hand Tools,Brand New,E-02-06,11,23,Low stock,378.49,4163.39,2026-08-11,2026-08-12,2026-08-13,Dave Mendoza,Metro Tools Import Co.
Electric Rotary Buffer 7in,PT-POL-07I-150,SN-PT-2026-6B619A,Power Tools,Brand New,F-04-03,19,20,Low stock,5332.88,101324.72,2026-01-06,2026-01-09,2026-01-10,John Reyes,Metro Tools Import Co.
Transmission Jack 0.5 Ton,SE-JCK-TRN-577,SN-SE-2026-F6CA62,Lifting & Shop Equipment,Used / Good,F-06-02,271,11,In stock,9401.29,2547749.59,2026-05-08,2026-05-09,2026-05-11,John Reyes,Kabuayan Tool Distro
Air Angle Die Grinder,PT-AIR-ADG-108,SN-PT-2026-7C1A0D,Power Tools,Refurbished,C-01-04,230,20,In stock,2607.62,599752.60,2026-04-05,2026-04-06,2026-04-07,Bong Garcia,Metro Tools Import Co.
Combination Wrench 12mm,HT-WRN-12M-866,LOT-2026-7987,Hand Tools,Refurbished,C-02-08,8,16,Inspection,346.36,2770.88,2026-08-02,Pending,Pending,Pending Inspection,Manila Industrial Tools Corp.
Carburetor Cleaner Spray 450ml,WS-SPR-CARB-924,N/A,Workshop Supplies & Fluids,Brand New,G-09-08,213,11,In stock,266.89,56847.57,2026-01-30,2026-02-01,2026-02-03,Mark Santos,Luzon Machinery Supply
Heat Gun 2000W Dual Temp,PT-HTG-20K-254,SN-PT-2026-39F4D9,Power Tools,Brand New,D-09-01,174,11,In stock,1313.21,228498.54,2026-02-25,2026-02-28,2026-03-02,Joseph Bautista,Luzon Machinery Supply
Adjustable Pipe Wrench 18in,HT-PWR-18I-480,LOT-2026-9874,Hand Tools,Brand New,D-01-03,207,12,In stock,942.54,195105.78,2026-07-29,2026-07-31,2026-08-01,Bong Garcia,Luzon Machinery Supply
Synthetic Engine Oil 5W-40 4L,WS-OIL-5W40-225,N/A,Workshop Supplies & Fluids,Brand New,B-09-02,188,8,In stock,2352.94,442352.72,2026-08-27,2026-08-29,2026-08-30,Reynaldo Cruz,Luzon Machinery Supply
OBD2 Automotive Scanner Tool,DE-SCN-OBD2-851,SN-DE-2026-5F65E2,Diagnostic & Electrical,Brand New,F-07-03,11,17,Low stock,8527.20,93799.20,2026-04-26,2026-04-27,2026-04-29,John Reyes,Manila Industrial Tools Corp.
Infrared Thermometer Gun,DE-IRT-GUN-520,SN-DE-2026-22F9E3,Diagnostic & Electrical,Brand New,F-01-01,7,6,Inspection,2706.51,18945.57,2026-06-08,Pending,Pending,Pending Inspection,Delta Auto Tools Direct
Synthetic Engine Oil 5W-30 4L,WS-OIL-5W30-304,LOT-2026-4089,Workshop Supplies & Fluids,Brand New,E-02-02,37,25,In stock,2287.22,84627.14,2026-05-26,2026-05-27,2026-05-28,Ariel Villanueva,Apex Automotive Supplies Inc.
Screwdriver Set Magnetic 10pc,HT-SDR-10P-534,N/A,Hand Tools,Brand New,E-09-04,53,13,In stock,1046.68,55474.04,2026-01-08,2026-01-11,2026-01-13,John Reyes,Oriental Tools & Equipment
Spark Plug Magnetic Socket Set,SM-SCK-SPK-385,N/A,Specialty Mechanic Tools,Brand New,A-03-08,10,13,Reserved,588.43,5884.30,2026-03-23,2026-03-24,2026-03-25,Bong Garcia,Delta Auto Tools Direct
Engine Stand 1000lbs Rotating,SE-ENG-1000-962,SN-SE-2026-484F24,Lifting & Shop Equipment,Brand New,C-02-04,20,9,Inspection,7186.39,143727.80,2026-05-15,Pending,Pending,Pending Inspection,Oriental Tools & Equipment
Fuel Pressure Test Gauge Set,DE-GST-FUL-817,SN-DE-2026-A373EF,Diagnostic & Electrical,Brand New,G-01-08,29,24,Reserved,3852.03,111708.87,2026-08-24,2026-08-25,2026-08-27,Mark Santos,Visayas Industrial Distribution
Torx Key Set T10-T50,HT-TRX-T50-490,N/A,Hand Tools,Brand New,D-01-08,282,22,In stock,365.43,103051.26,2026-07-11,2026-07-13,2026-07-15,Joseph Bautista,Luzon Machinery Supply
Torx Key Set T10-T50,HT-TRX-T50-187,LOT-2026-1181,Hand Tools,Brand New,F-08-01,242,11,In stock,343.29,83076.18,2026-06-29,2026-06-30,2026-07-02,John Reyes,Metro Tools Import Co.
Deep Impact Socket Set 1/2in,HT-SCK-IMP12-257,LOT-2026-2311,Hand Tools,Brand New,G-01-09,81,24,In stock,4847.08,392613.48,2026-03-14,2026-03-15,2026-03-16,Bong Garcia,Visayas Industrial Distribution
3-Jaw Gear Puller 6in,SM-PLR-3J6-251,N/A,Specialty Mechanic Tools,Brand New,F-08-06,14,13,Reserved,1757.95,24611.30,2026-09-18,2026-09-20,2026-09-22,John Reyes,Metro Tools Import Co.
Low Profile Floor Jack 3.5 Ton,SE-JCK-35LP-976,SN-SE-2026-BAD78A,Lifting & Shop Equipment,Refurbished,B-02-05,5,19,Inspection,9604.98,48024.90,2026-04-29,Pending,Pending,Pending Inspection,Visayas Industrial Distribution
Hydraulic Bottle Jack 10 Ton,SE-BTL-10T-139,SN-SE-2026-BCB288,Lifting & Shop Equipment,Brand New,C-03-09,132,16,In stock,2712.98,358113.36,2026-03-13,2026-03-14,2026-03-16,Ariel Villanueva,Apex Automotive Supplies Inc.
Combination Wrench 10mm,HT-WRN-10M-358,N/A,Hand Tools,Used / Good,H-02-06,286,10,In stock,285.49,81650.14,2026-01-15,2026-01-18,2026-01-19,Joseph Bautista,Apex Automotive Supplies Inc.
Penetrating Oil Spray 400ml,WS-SPR-PNT-740,LOT-2026-8799,Workshop Supplies & Fluids,Brand New,E-02-05,135,9,In stock,250.57,33826.95,2026-08-30,2026-08-31,2026-09-02,Ariel Villanueva,Metro Tools Import Co.
CV Axle Puller Attachment,SM-CVA-PLR-378,LOT-2026-5506,Specialty Mechanic Tools,Brand New,D-08-06,1,19,Low stock,1558.56,1558.56,2026-01-04,2026-01-05,2026-01-06,Bong Garcia,Visayas Industrial Distribution
Breaker Bar 24in,HT-BKB-24I-419,LOT-2026-9883,Hand Tools,Brand New,E-06-01,2,5,Low stock,1115.99,2231.98,2026-07-24,2026-07-26,2026-07-27,Dave Mendoza,Luzon Machinery Supply
Deep Impact Socket Set 1/2in,HT-SCK-IMP12-449,LOT-2026-8363,Hand Tools,Brand New,C-08-08,263,21,In stock,5440.42,1430830.46,2026-07-11,2026-07-12,2026-07-14,Bong Garcia,Pacific Rim Auto Parts
Electric Die Grinder 6mm,PT-DIE-06M-533,SN-PT-2026-194037,Power Tools,Brand New,B-07-09,8,18,Low stock,5094.07,40752.56,2026-04-02,2026-04-03,2026-04-04,Mark Santos,Oriental Tools & Equipment
Vacuum Brake Bleeder Kit,SM-BRK-VAC-825,LOT-2026-9794,Specialty Mechanic Tools,Brand New,B-02-02,285,13,In stock,2202.23,627635.55,2026-07-03,2026-07-05,2026-07-07,Joseph Bautista,Oriental Tools & Equipment
Heavy Duty Hand Cleaner 3.78L,WS-HND-378-716,N/A,Workshop Supplies & Fluids,Brand New,C-04-01,27,25,In stock,1182.54,31928.58,2026-04-21,2026-04-24,2026-04-25,Michael Ramos,Metro Tools Import Co.
Oil Filter Strap Wrench,SM-OFR-STP-685,N/A,Specialty Mechanic Tools,Refurbished,B-07-09,11,10,In stock,418.35,4601.85,2026-03-16,2026-03-18,2026-03-20,Bong Garcia,Visayas Industrial Distribution
Tie Rod End & Pitman Arm Puller,SM-TRD-RMV-917,LOT-2026-4812,Specialty Mechanic Tools,Brand New,B-03-05,13,13,Inspection,849.16,11039.08,2026-04-25,Pending,Pending,Pending Inspection,Oriental Tools & Equipment
Spark Plug Ignition Tester,DE-TST-SPK-856,SN-DE-2026-8C367F,Diagnostic & Electrical,Brand New,F-09-02,3,7,Low stock,761.38,2284.14,2026-08-20,2026-08-23,2026-08-24,Mark Santos,Metro Tools Import Co.
Cordless Impact Wrench 20V,PT-IMP-20V-299,SN-PT-2026-1BDA41,Power Tools,Brand New,E-06-01,180,8,In stock,8217.74,1479193.20,2026-02-27,2026-03-01,2026-03-02,Dave Mendoza,Metro Tools Import Co.
Mechanic Shop Towels 50pk,WS-TWL-50P-935,LOT-2026-1114,Workshop Supplies & Fluids,Brand New,H-05-02,139,18,In stock,824.11,114551.29,2026-08-22,2026-08-25,2026-08-27,Dave Mendoza,Visayas Industrial Distribution
Parts Washer Tank 20 Gal,SE-WSH-20G-496,SN-SE-2026-D83341,Lifting & Shop Equipment,Brand New,C-06-07,30,11,Reserved,14250.53,427515.90,2026-02-12,2026-02-15,2026-02-17,John Reyes,Kabuayan Tool Distro
Valve Spring Compressor Tool,SM-VLV-CMP-245,LOT-2026-6237,Specialty Mechanic Tools,Refurbished,F-04-06,16,10,Inspection,1646.91,26350.56,2026-04-05,Pending,Pending,Pending Inspection,Metro Tools Import Co.
Spark Plug Magnetic Socket Set,SM-SCK-SPK-126,LOT-2026-9326,Specialty Mechanic Tools,Brand New,G-05-06,152,21,In stock,450.65,68498.80,2026-01-26,2026-01-27,2026-01-29,Ariel Villanueva,Apex Automotive Supplies Inc.
Angle Grinder 4.5in 850W,PT-GRN-45I-622,SN-PT-2026-11EA0C,Power Tools,Brand New,H-03-07,15,6,Reserved,3646.67,54700.05,2026-03-31,2026-04-03,2026-04-04,Bong Garcia,Apex Automotive Supplies Inc.
CV Axle Puller Attachment,SM-CVA-PLR-625,N/A,Specialty Mechanic Tools,Brand New,H-08-09,12,22,Reserved,1675.21,20102.52,2026-09-17,2026-09-19,2026-09-21,John Reyes,Pacific Rim Auto Parts
Engine Compression Tester Kit,DE-GST-CMP-382,SN-DE-2026-67F312,Diagnostic & Electrical,Brand New,D-07-03,242,12,In stock,2281.67,552164.14,2026-08-04,2026-08-07,2026-08-08,John Reyes,Apex Automotive Supplies Inc.
Ball Joint Press Removal Kit,SM-BLJ-SEP-580,N/A,Specialty Mechanic Tools,Brand New,A-03-04,79,20,In stock,4064.78,321117.62,2026-10-01,2026-10-04,2026-10-06,Reynaldo Cruz,Pacific Rim Auto Parts
Parts Washer Tank 20 Gal,SE-WSH-20G-413,SN-SE-2026-1A4625,Lifting & Shop Equipment,Brand New,C-04-03,24,13,Reserved,8206.45,196954.80,2026-03-05,2026-03-06,2026-03-07,Michael Ramos,Kabuayan Tool Distro
Spark Plug Ignition Tester,DE-TST-SPK-337,SN-DE-2026-2BD3DC,Diagnostic & Electrical,Brand New,H-08-06,149,20,In stock,555.05,82702.45,2026-05-21,2026-05-22,2026-05-23,Dave Mendoza,Metro Tools Import Co.
Wire Stripper & Crimper,HT-WSC-08I-761,N/A,Hand Tools,Brand New,C-02-06,70,6,In stock,682.35,47764.50,2026-03-31,2026-04-01,2026-04-02,John Reyes,Pacific Rim Auto Parts
Heavy Duty Steel Car Ramps Pair,SE-RMP-HD2-239,SN-SE-2026-FB3D90,Lifting & Shop Equipment,Brand New,H-01-09,19,14,Reserved,4000.67,76012.73,2026-01-21,2026-01-24,2026-01-26,Dave Mendoza,Delta Auto Tools Direct
Engine Compression Tester Kit,DE-GST-CMP-928,SN-DE-2026-372D67,Diagnostic & Electrical,Used / Good,D-04-09,27,11,Reserved,2276.84,61474.68,2026-07-14,2026-07-16,2026-07-18,Dave Mendoza,Oriental Tools & Equipment
Brake Cleaner Spray 500ml,WS-SPR-BRK-181,LOT-2026-8691,Workshop Supplies & Fluids,Brand New,B-04-08,4,12,Low stock,258.06,1032.24,2026-08-04,2026-08-05,2026-08-07,Bong Garcia,Visayas Industrial Distribution
Helicoil Thread Repair Kit M10,SM-THR-M10-645,LOT-2026-8042,Specialty Mechanic Tools,Brand New,G-07-07,276,15,In stock,805.65,222359.40,2026-01-28,2026-01-31,2026-02-02,John Reyes,Kabuayan Tool Distro
Lithium Grease Tube 400g,WS-GRS-LTH-446,N/A,Workshop Supplies & Fluids,Brand New,D-03-05,280,11,In stock,280.86,78640.80,2026-06-18,2026-06-20,2026-06-22,Mark Santos,Visayas Industrial Distribution
Cordless Angle Grinder 18V,PT-GRN-18V-916,SN-PT-2026-9B0391,Power Tools,Brand New,F-08-04,276,20,In stock,7266.14,2005454.64,2026-02-09,2026-02-10,2026-02-11,Joseph Bautista,Delta Auto Tools Direct
Air Angle Die Grinder,PT-AIR-ADG-231,SN-PT-2026-D102B3,Power Tools,Brand New,B-03-08,151,23,In stock,2426.55,366409.05,2026-05-23,2026-05-24,2026-05-25,Michael Ramos,Kabuayan Tool Distro
Combination Wrench 10mm,HT-WRN-10M-706,N/A,Hand Tools,Refurbished,B-01-06,103,14,In stock,153.74,15835.22,2026-05-01,2026-05-02,2026-05-04,Joseph Bautista,Pacific Rim Auto Parts
Cordless Impact Wrench 20V,PT-IMP-20V-472,SN-PT-2026-BF5D5A,Power Tools,Brand New,F-03-01,14,21,Low stock,6516.62,91232.68,2026-02-06,2026-02-09,2026-02-10,John Reyes,Visayas Industrial Distribution
Engine Compression Tester Kit,DE-GST-CMP-786,SN-DE-2026-A46089,Diagnostic & Electrical,Brand New,C-07-07,294,23,In stock,2416.03,710312.82,2026-02-25,2026-02-26,2026-02-28,Bong Garcia,Manila Industrial Tools Corp.
Impact Screwdriver Kit,HT-SDR-IMP-867,LOT-2026-2122,Hand Tools,Brand New,C-05-07,127,18,In stock,1244.01,157989.27,2026-04-13,2026-04-14,2026-04-15,Bong Garcia,Pacific Rim Auto Parts
Hydraulic Shop Press 20 Ton,SE-PRS-20T-728,SN-SE-2026-7E705C,Lifting & Shop Equipment,Refurbished,G-08-01,13,7,Inspection,27475.62,357183.06,2026-09-01,Pending,Pending,Pending Inspection,Apex Automotive Supplies Inc.
Digital Multimeter Auto-Ranging,DE-MMT-DIGI-507,SN-DE-2026-FFD0BC,Diagnostic & Electrical,Brand New,B-02-02,5,6,Low stock,1933.90,9669.50,2026-08-29,2026-08-31,2026-09-02,Mark Santos,Kabuayan Tool Distro
Engine Stand 1000lbs Rotating,SE-ENG-1000-324,SN-SE-2026-D50F09,Lifting & Shop Equipment,Refurbished,D-04-06,15,15,Inspection,6401.52,96022.80,2026-09-30,Pending,Pending,Pending Inspection,Manila Industrial Tools Corp.
Hex Key Allen Set Metric,HT-HEX-MET-261,LOT-2026-3652,Hand Tools,Brand New,C-03-06,69,11,In stock,477.38,32939.22,2026-02-03,2026-02-06,2026-02-08,Ariel Villanueva,Delta Auto Tools Direct
Amp Clamp Meter AC/DC,DE-MMT-AMP-557,SN-DE-2026-2CB9D9,Diagnostic & Electrical,Brand New,F-05-01,244,25,In stock,3242.33,791128.52,2026-04-03,2026-04-05,2026-04-06,Dave Mendoza,Metro Tools Import Co.
Amp Clamp Meter AC/DC,DE-MMT-AMP-380,SN-DE-2026-1CEF59,Diagnostic & Electrical,Refurbished,A-09-06,4,10,Inspection,3226.90,12907.60,2026-01-28,Pending,Pending,Pending Inspection,Pacific Rim Auto Parts
Nitrile Gloves Heavy Duty 100pk,WS-GLV-100-285,N/A,Workshop Supplies & Fluids,Brand New,F-09-08,232,22,In stock,841.27,195174.64,2026-04-29,2026-05-02,2026-05-04,Dave Mendoza,Pacific Rim Auto Parts
Synthetic Engine Oil 5W-30 4L,WS-OIL-5W30-859,N/A,Workshop Supplies & Fluids,Brand New,G-02-04,4,6,Inspection,2915.10,11660.40,2026-03-31,Pending,Pending,Pending Inspection,Delta Auto Tools Direct
Heat Gun 2000W Dual Temp,PT-HTG-20K-379,SN-PT-2026-C27EC2,Power Tools,Brand New,C-06-04,172,11,In stock,1233.09,212091.48,2026-09-04,2026-09-07,2026-09-09,Reynaldo Cruz,Delta Auto Tools Direct
3-Jaw Gear Puller 6in,SM-PLR-3J6-885,N/A,Specialty Mechanic Tools,Refurbished,E-03-02,19,21,Reserved,998.03,18962.57,2026-07-19,2026-07-20,2026-07-22,Bong Garcia,Delta Auto Tools Direct
OBD2 Automotive Scanner Tool,DE-SCN-OBD2-149,SN-DE-2026-2A7BC9,Diagnostic & Electrical,Used / Good,C-02-05,260,5,In stock,5103.49,1326907.40,2026-08-30,2026-08-31,2026-09-02,Mark Santos,Kabuayan Tool Distro
Deep Impact Socket Set 1/2in,HT-SCK-IMP12-971,LOT-2026-7154,Hand Tools,Brand New,B-08-07,96,9,In stock,3787.78,363626.88,2026-06-17,2026-06-18,2026-06-19,Reynaldo Cruz,Visayas Industrial Distribution
3-Jaw Gear Puller 6in,SM-PLR-3J6-110,LOT-2026-8488,Specialty Mechanic Tools,Refurbished,C-02-08,219,6,In stock,2087.87,457243.53,2026-08-04,2026-08-05,2026-08-06,John Reyes,Apex Automotive Supplies Inc.
Penetrating Oil Spray 400ml,WS-SPR-PNT-877,LOT-2026-6642,Workshop Supplies & Fluids,Brand New,A-04-05,24,9,In stock,224.69,5392.56,2026-03-04,2026-03-06,2026-03-08,Ariel Villanueva,Apex Automotive Supplies Inc.
Angle Grinder 4.5in 850W,PT-GRN-45I-983,SN-PT-2026-2C37AF,Power Tools,Brand New,A-02-06,182,20,In stock,3824.28,696018.96,2026-02-12,2026-02-14,2026-02-16,Ariel Villanueva,Apex Automotive Supplies Inc.
Bearing Puller Separator Kit 9pc,SM-PLR-BRG-645,LOT-2026-4771,Specialty Mechanic Tools,Brand New,D-09-05,22,18,Reserved,4858.79,106893.38,2026-05-04,2026-05-05,2026-05-06,Dave Mendoza,Manila Industrial Tools Corp.
Jack Stands 6 Ton Heavy Duty Pair,SE-STD-06T-600,SN-SE-2026-E10985,Lifting & Shop Equipment,Brand New,A-05-01,197,11,In stock,3723.19,733468.43,2026-06-28,2026-06-30,2026-07-02,Reynaldo Cruz,Apex Automotive Supplies Inc.
Brake Cleaner Spray 500ml,WS-SPR-BRK-508,LOT-2026-8525,Workshop Supplies & Fluids,Used / Good,B-03-09,27,13,In stock,192.21,5189.67,2026-04-02,2026-04-03,2026-04-05,Bong Garcia,Kabuayan Tool Distro
Nitrile Gloves Heavy Duty 100pk,WS-GLV-100-157,N/A,Workshop Supplies & Fluids,Refurbished,B-03-09,6,11,Inspection,743.98,4463.88,2026-09-12,Pending,Pending,Pending Inspection,Kabuayan Tool Distro
Nitrile Gloves Heavy Duty 100pk,WS-GLV-100-742,N/A,Workshop Supplies & Fluids,Brand New,E-03-04,296,20,In stock,632.70,187279.20,2026-04-15,2026-04-18,2026-04-20,Bong Garcia,Kabuayan Tool Distro
Piston Ring Compressor 3in,SM-PST-RNG3-618,LOT-2026-7386,Specialty Mechanic Tools,Brand New,H-01-03,236,14,In stock,794.87,187589.32,2026-08-16,2026-08-18,2026-08-20,John Reyes,Visayas Industrial Distribution
Rubber Mallet 16oz,HT-MLT-16O-127,N/A,Hand Tools,Brand New,D-03-03,14,10,In stock,445.60,6238.40,2026-04-09,2026-04-12,2026-04-14,Ariel Villanueva,Kabuayan Tool Distro
Helicoil Thread Repair Kit M8,SM-THR-M08-916,N/A,Specialty Mechanic Tools,Brand New,G-09-01,219,16,In stock,683.87,149767.53,2026-03-02,2026-03-05,2026-03-06,Ariel Villanueva,Delta Auto Tools Direct
Fluid Transfer Hand Pump,SM-PMP-FLD-791,N/A,Specialty Mechanic Tools,Brand New,A-07-04,4,15,Low stock,851.52,3406.08,2026-02-14,2026-02-15,2026-02-16,Mark Santos,Kabuayan Tool Distro
Jack Stands 6 Ton Heavy Duty Pair,SE-STD-06T-981,SN-SE-2026-8BA7DD,Lifting & Shop Equipment,Brand New,E-01-07,2,22,Low stock,6212.31,12424.62,2026-08-28,2026-08-31,2026-09-02,Dave Mendoza,Oriental Tools & Equipment
Bench Grinder 6in 350W,PT-BGN-06I-637,SN-PT-2026-C85710,Power Tools,Brand New,C-04-09,14,25,Low stock,3221.22,45097.08,2026-07-03,2026-07-04,2026-07-06,Dave Mendoza,Kabuayan Tool Distro
RTV Silicone Gasket Black 85g,WS-GSK-RTV-385,N/A,Workshop Supplies & Fluids,Refurbished,C-05-07,93,10,In stock,329.62,30654.66,2026-05-27,2026-05-28,2026-05-30,Dave Mendoza,Luzon Machinery Supply
Radiator Pressure Tester Kit,DE-GST-RAD-382,SN-DE-2026-E6EE2E,Diagnostic & Electrical,Refurbished,G-01-06,12,24,Inspection,3430.08,41160.96,2026-06-28,Pending,Pending,Pending Inspection,Visayas Industrial Distribution
Hydraulic Shop Press 20 Ton,SE-PRS-20T-868,SN-SE-2026-FC378F,Lifting & Shop Equipment,Used / Good,D-08-08,97,22,In stock,19302.46,1872338.62,2026-09-19,2026-09-21,2026-09-22,Reynaldo Cruz,Apex Automotive Supplies Inc.
Borescope Endoscope Camera 1080P,DE-CAM-BOR-250,SN-DE-2026-119482,Diagnostic & Electrical,Brand New,C-08-04,22,17,Reserved,4294.00,94468.00,2026-04-28,2026-04-29,2026-04-30,John Reyes,Pacific Rim Auto Parts
Carburetor Cleaner Spray 450ml,WS-SPR-CARB-544,N/A,Workshop Supplies & Fluids,Brand New,B-01-09,223,12,In stock,278.62,62132.26,2026-07-05,2026-07-08,2026-07-10,Dave Mendoza,Global Tech Hardware Philippines
Reciprocating Saw 18V,PT-SAW-18V-656,SN-PT-2026-230A6E,Power Tools,Brand New,A-04-08,64,13,In stock,5688.63,364072.32,2026-01-31,2026-02-03,2026-02-04,Ariel Villanueva,Metro Tools Import Co.
3-Jaw Gear Puller 6in,SM-PLR-3J6-190,N/A,Specialty Mechanic Tools,Brand New,B-08-02,118,24,In stock,1901.59,224387.62,2026-07-13,2026-07-14,2026-07-16,Michael Ramos,Kabuayan Tool Distro
Brake Cleaner Spray 500ml,WS-SPR-BRK-553,N/A,Workshop Supplies & Fluids,Brand New,C-06-03,133,24,In stock,360.70,47973.10,2026-08-21,2026-08-24,2026-08-26,Mark Santos,Kabuayan Tool Distro
Air Compressor 50L 3HP,PT-CMP-50L-366,SN-PT-2026-9DE259,Power Tools,Brand New,C-02-06,87,9,In stock,17111.16,1488670.92,2026-03-05,2026-03-08,2026-03-09,Reynaldo Cruz,Visayas Industrial Distribution
Deep Impact Socket Set 1/2in,HT-SCK-IMP12-571,LOT-2026-9085,Hand Tools,Refurbished,G-06-06,18,21,Inspection,4402.08,79237.44,2026-06-13,Pending,Pending,Pending Inspection,Delta Auto Tools Direct
Rubber Mallet 16oz,HT-MLT-16O-124,N/A,Hand Tools,Brand New,H-02-03,52,17,In stock,324.35,16866.20,2026-06-11,2026-06-13,2026-06-14,John Reyes,Visayas Industrial Distribution
Strut Spring Compressor Pair,SM-STR-CMP-153,N/A,Specialty Mechanic Tools,Brand New,F-04-01,37,22,In stock,2513.33,92993.21,2026-08-08,2026-08-11,2026-08-13,Joseph Bautista,Kabuayan Tool Distro
Strut Spring Compressor Pair,SM-STR-CMP-497,N/A,Specialty Mechanic Tools,Brand New,G-08-08,227,24,In stock,3536.79,802851.33,2026-07-07,2026-07-10,2026-07-12,Michael Ramos,Pacific Rim Auto Parts
Anti-Seize Lubricant 200g,WS-LUB-ANZ-680,LOT-2026-6162,Workshop Supplies & Fluids,Brand New,H-09-02,19,22,Low stock,705.04,13395.76,2026-07-23,2026-07-26,2026-07-27,Michael Ramos,Apex Automotive Supplies Inc.
Infrared Thermometer Gun,DE-IRT-GUN-480,SN-DE-2026-B09D48,Diagnostic & Electrical,Used / Good,B-08-03,19,19,Reserved,2725.57,51785.83,2026-06-09,2026-06-10,2026-06-12,Bong Garcia,Oriental Tools & Equipment
RTV Silicone Gasket Black 85g,WS-GSK-RTV-187,LOT-2026-9997,Workshop Supplies & Fluids,Brand New,G-07-08,267,18,In stock,219.66,58649.22,2026-09-10,2026-09-11,2026-09-12,Joseph Bautista,Visayas Industrial Distribution
Battery Load Tester 100A,DE-BAT-100A-310,SN-DE-2026-1E1E14,Diagnostic & Electrical,Brand New,B-05-04,39,21,In stock,3090.17,120516.63,2026-03-29,2026-03-30,2026-04-01,Dave Mendoza,Oriental Tools & Equipment
Lithium Grease Tube 400g,WS-GRS-LTH-921,N/A,Workshop Supplies & Fluids,Brand New,F-06-05,115,24,In stock,293.53,33755.95,2026-05-01,2026-05-02,2026-05-04,Joseph Bautista,Pacific Rim Auto Parts
Synthetic Engine Oil 5W-30 4L,WS-OIL-5W30-329,LOT-2026-7866,Workshop Supplies & Fluids,Refurbished,G-08-03,11,18,Inspection,2872.01,31592.11,2026-07-16,Pending,Pending,Pending Inspection,Delta Auto Tools Direct
Battery Load Tester 100A,DE-BAT-100A-251,SN-DE-2026-63B102,Diagnostic & Electrical,Used / Good,G-02-03,8,20,Low stock,2461.76,19694.08,2026-02-13,2026-02-15,2026-02-17,Ariel Villanueva,Delta Auto Tools Direct
Helicoil Thread Repair Kit M8,SM-THR-M08-118,LOT-2026-1967,Specialty Mechanic Tools,Brand New,D-02-08,188,9,In stock,1344.48,252762.24,2026-07-24,2026-07-26,2026-07-27,Joseph Bautista,Kabuayan Tool Distro
Circuit Tester Light 12V-24V,DE-TST-CKT-746,SN-DE-2026-A674AE,Diagnostic & Electrical,Brand New,B-07-04,236,12,In stock,267.80,63200.80,2026-08-08,2026-08-09,2026-08-10,Joseph Bautista,Luzon Machinery Supply
Digital Multimeter Auto-Ranging,DE-MMT-DIGI-542,SN-DE-2026-538027,Diagnostic & Electrical,Brand New,G-03-06,157,24,In stock,3243.67,509256.19,2026-04-02,2026-04-04,2026-04-05,Dave Mendoza,Luzon Machinery Supply
Jack Stands 6 Ton Heavy Duty Pair,SE-STD-06T-961,SN-SE-2026-85CD25,Lifting & Shop Equipment,Brand New,F-03-07,195,6,In stock,6632.19,1293277.05,2026-03-12,2026-03-15,2026-03-17,Joseph Bautista,Visayas Industrial Distribution
DOT 4 Brake Fluid 1L,WS-FLD-DOT4-328,N/A,Workshop Supplies & Fluids,Brand New,A-08-02,118,18,In stock,627.74,74073.32,2026-07-01,2026-07-04,2026-07-05,Reynaldo Cruz,Delta Auto Tools Direct
Valve Spring Compressor Tool,SM-VLV-CMP-357,N/A,Specialty Mechanic Tools,Brand New,G-09-02,52,13,In stock,1495.08,77744.16,2026-09-14,2026-09-16,2026-09-18,Ariel Villanueva,Delta Auto Tools Direct
Deep Impact Socket Set 1/2in,HT-SCK-IMP12-576,N/A,Hand Tools,Brand New,D-01-05,7,13,Low stock,5484.96,38394.72,2026-03-03,2026-03-05,2026-03-06,Dave Mendoza,Pacific Rim Auto Parts
Carburetor Cleaner Spray 450ml,WS-SPR-CARB-787,LOT-2026-7366,Workshop Supplies & Fluids,Refurbished,D-08-03,282,21,In stock,204.92,57787.44,2026-08-14,2026-08-16,2026-08-17,Michael Ramos,Kabuayan Tool Distro
Heavy Duty Hand Cleaner 3.78L,WS-HND-378-534,N/A,Workshop Supplies & Fluids,Brand New,F-03-05,1,23,Low stock,1058.26,1058.26,2026-01-17,2026-01-18,2026-01-19,Bong Garcia,Delta Auto Tools Direct
Lithium Grease Tube 400g,WS-GRS-LTH-965,LOT-2026-6990,Workshop Supplies & Fluids,Brand New,D-05-01,27,19,Reserved,347.32,9377.64,2026-05-02,2026-05-05,2026-05-07,Mark Santos,Global Tech Hardware Philippines
RTV Silicone Gasket Black 85g,WS-GSK-RTV-237,N/A,Workshop Supplies & Fluids,Brand New,F-08-05,255,12,In stock,304.19,77568.45,2026-07-21,2026-07-24,2026-07-26,Reynaldo Cruz,Pacific Rim Auto Parts
Adjustable Pipe Wrench 14in,HT-PWR-14I-651,LOT-2026-7489,Hand Tools,Brand New,C-09-03,287,24,In stock,1061.04,304518.48,2026-01-21,2026-01-22,2026-01-23,Reynaldo Cruz,Pacific Rim Auto Parts
Valve Spring Compressor Tool,SM-VLV-CMP-866,N/A,Specialty Mechanic Tools,Brand New,E-01-04,11,15,Low stock,2701.52,29716.72,2026-02-01,2026-02-04,2026-02-05,Michael Ramos,Kabuayan Tool Distro
Bench Grinder 6in 350W,PT-BGN-06I-410,SN-PT-2026-5860D2,Power Tools,Brand New,C-08-04,250,5,In stock,3193.67,798417.50,2026-01-28,2026-01-31,2026-02-01,Dave Mendoza,Oriental Tools & Equipment
Jack Stands 3 Ton Steel Pair,SE-STD-03T-593,SN-SE-2026-C55DC9,Lifting & Shop Equipment,Used / Good,E-07-05,167,11,In stock,3156.11,527070.37,2026-06-07,2026-06-08,2026-06-09,Joseph Bautista,Visayas Industrial Distribution
Heavy Duty Hand Cleaner 3.78L,WS-HND-378-585,LOT-2026-5692,Workshop Supplies & Fluids,Brand New,E-09-06,9,14,Reserved,1277.29,11495.61,2026-09-02,2026-09-04,2026-09-05,Mark Santos,Global Tech Hardware Philippines
Pneumatic Impact Gun 1/2in,PT-AIR-12I-308,SN-PT-2026-82A8E3,Power Tools,Brand New,E-01-08,292,14,In stock,8200.79,2394630.68,2026-07-08,2026-07-11,2026-07-12,Ariel Villanueva,Metro Tools Import Co.
Electric Rotary Buffer 7in,PT-POL-07I-244,SN-PT-2026-ADDCA5,Power Tools,Brand New,A-01-09,196,15,In stock,5977.91,1171670.36,2026-07-02,2026-07-03,2026-07-04,John Reyes,Metro Tools Import Co.
3-Jaw Oil Filter Wrench,SM-OFR-3JW-855,LOT-2026-1692,Specialty Mechanic Tools,Brand New,H-05-04,166,12,In stock,512.75,85116.50,2026-09-10,2026-09-11,2026-09-12,Bong Garcia,Metro Tools Import Co.
Pneumatic Air Ratchet 3/8in,PT-AIR-38R-715,SN-PT-2026-EEE412,Power Tools,Brand New,D-08-09,3,17,Low stock,3573.78,10721.34,2026-08-21,2026-08-24,2026-08-25,Dave Mendoza,Manila Industrial Tools Corp.
Mechanic Plastic Creeper 40in,SE-CRP-40I-891,SN-SE-2026-24674E,Lifting & Shop Equipment,Brand New,B-01-05,7,16,Reserved,3036.90,21258.30,2026-03-27,2026-03-29,2026-03-30,John Reyes,Delta Auto Tools Direct
Oxygen Sensor Socket 22mm,SM-SCK-O2S-254,LOT-2026-9217,Specialty Mechanic Tools,Brand New,F-02-05,15,20,Reserved,512.50,7687.50,2026-01-22,2026-01-23,2026-01-24,Reynaldo Cruz,Apex Automotive Supplies Inc.
Borescope Endoscope Camera 1080P,DE-CAM-BOR-458,SN-DE-2026-C394C6,Diagnostic & Electrical,Brand New,D-03-01,3,11,Low stock,5695.65,17086.95,2026-03-09,2026-03-10,2026-03-12,Dave Mendoza,Delta Auto Tools Direct
3-Jaw Gear Puller 6in,SM-PLR-3J6-434,LOT-2026-5332,Specialty Mechanic Tools,Brand New,A-04-02,7,15,Low stock,1089.32,7625.24,2026-05-29,2026-06-01,2026-06-02,Michael Ramos,Visayas Industrial Distribution
Cordless Impact Wrench 20V,PT-IMP-20V-984,SN-PT-2026-4B1E48,Power Tools,Refurbished,F-05-05,52,18,In stock,14012.10,728629.20,2026-05-23,2026-05-26,2026-05-28,Bong Garcia,Oriental Tools & Equipment
Spark Plug Ignition Tester,DE-TST-SPK-107,SN-DE-2026-2E19B1,Diagnostic & Electrical,Brand New,B-08-06,291,21,In stock,439.55,127909.05,2026-06-12,2026-06-13,2026-06-14,Michael Ramos,Global Tech Hardware Philippines
Fluid Transfer Hand Pump,SM-PMP-FLD-904,N/A,Specialty Mechanic Tools,Brand New,E-02-03,8,19,Reserved,424.16,3393.28,2026-05-20,2026-05-23,2026-05-25,John Reyes,Manila Industrial Tools Corp.
Ratchet Handle 1/2in Drive,HT-RTC-12D-553,N/A,Hand Tools,Brand New,E-05-03,3,9,Low stock,1213.13,3639.39,2026-06-28,2026-06-29,2026-07-01,Dave Mendoza,Apex Automotive Supplies Inc.
Helicoil Thread Repair Kit M8,SM-THR-M08-364,LOT-2026-7563,Specialty Mechanic Tools,Brand New,H-03-02,7,9,Reserved,753.04,5271.28,2026-04-20,2026-04-21,2026-04-23,Ariel Villanueva,Manila Industrial Tools Corp.
Battery Load Tester 100A,DE-BAT-100A-149,SN-DE-2026-835B3E,Diagnostic & Electrical,Brand New,E-06-01,140,23,In stock,2251.13,315158.20,2026-03-03,2026-03-05,2026-03-06,Dave Mendoza,Pacific Rim Auto Parts
Anti-Seize Lubricant 200g,WS-LUB-ANZ-657,N/A,Workshop Supplies & Fluids,Refurbished,H-05-06,255,25,In stock,683.29,174238.95,2026-04-14,2026-04-16,2026-04-18,Michael Ramos,Manila Industrial Tools Corp.
Amp Clamp Meter AC/DC,DE-MMT-AMP-774,SN-DE-2026-B5DC86,Diagnostic & Electrical,Brand New,H-02-05,261,19,In stock,3626.64,946553.04,2026-07-04,2026-07-06,2026-07-08,Ariel Villanueva,Oriental Tools & Equipment
Penetrating Oil Spray 400ml,WS-SPR-PNT-305,LOT-2026-3886,Workshop Supplies & Fluids,Brand New,G-05-08,236,23,In stock,321.64,75907.04,2026-06-02,2026-06-04,2026-06-06,Ariel Villanueva,Pacific Rim Auto Parts
Borescope Endoscope Camera 1080P,DE-CAM-BOR-846,SN-DE-2026-A3FEBC,Diagnostic & Electrical,Brand New,D-02-03,105,16,In stock,3687.69,387207.45,2026-10-02,2026-10-03,2026-10-04,Michael Ramos,Luzon Machinery Supply
Heavy Duty Steel Car Ramps Pair,SE-RMP-HD2-635,SN-SE-2026-CD89D9,Lifting & Shop Equipment,Refurbished,E-02-08,13,12,Inspection,4131.35,53707.55,2026-08-31,Pending,Pending,Pending Inspection,Luzon Machinery Supply
Deep Impact Socket Set 1/2in,HT-SCK-IMP12-658,LOT-2026-4141,Hand Tools,Brand New,B-08-02,238,17,In stock,2342.55,557526.90,2026-09-11,2026-09-14,2026-09-16,Bong Garcia,Apex Automotive Supplies Inc.
Spark Plug Ignition Tester,DE-TST-SPK-879,SN-DE-2026-7E7FA9,Diagnostic & Electrical,Brand New,E-03-05,182,17,In stock,431.81,78589.42,2026-06-07,2026-06-09,2026-06-11,Joseph Bautista,Visayas Industrial Distribution
Ball Peen Hammer 24oz,HT-HMR-24O-291,LOT-2026-4605,Hand Tools,Brand New,F-03-06,93,6,In stock,805.61,74921.73,2026-06-19,2026-06-20,2026-06-22,Bong Garcia,Metro Tools Import Co.
Heavy Duty Hand Cleaner 3.78L,WS-HND-378-195,LOT-2026-7394,Workshop Supplies & Fluids,Brand New,C-05-05,159,8,In stock,1302.26,207059.34,2026-02-15,2026-02-18,2026-02-19,Michael Ramos,Global Tech Hardware Philippines
Impact Screwdriver Kit,HT-SDR-IMP-207,LOT-2026-6733,Hand Tools,Brand New,A-06-03,76,14,In stock,1783.31,135531.56,2026-05-11,2026-05-13,2026-05-15,Bong Garcia,Luzon Machinery Supply
Tie Rod End & Pitman Arm Puller,SM-TRD-RMV-863,LOT-2026-8071,Specialty Mechanic Tools,Brand New,C-01-01,142,9,In stock,1465.51,208102.42,2026-06-12,2026-06-13,2026-06-14,Ariel Villanueva,Oriental Tools & Equipment
Impact Screwdriver Kit,HT-SDR-IMP-330,LOT-2026-9529,Hand Tools,Brand New,E-08-01,162,5,In stock,1050.77,170224.74,2026-09-04,2026-09-07,2026-09-08,Dave Mendoza,Kabuayan Tool Distro
Borescope Endoscope Camera 1080P,DE-CAM-BOR-625,SN-DE-2026-779C6F,Diagnostic & Electrical,Brand New,E-06-06,84,7,In stock,3202.31,268994.04,2026-03-20,2026-03-23,2026-03-24,Reynaldo Cruz,Global Tech Hardware Philippines
Transmission Jack 0.5 Ton,SE-JCK-TRN-194,SN-SE-2026-4AD399,Lifting & Shop Equipment,Brand New,D-04-02,223,12,In stock,9181.61,2047499.03,2026-08-07,2026-08-08,2026-08-10,Dave Mendoza,Metro Tools Import Co.
Cordless Drill Driver 18V,PT-DRL-18V-611,SN-PT-2026-349E78,Power Tools,Brand New,E-02-09,261,14,In stock,5446.19,1421455.59,2026-08-03,2026-08-04,2026-08-06,Joseph Bautista,Visayas Industrial Distribution
RTV Silicone Gasket Black 85g,WS-GSK-RTV-258,N/A,Workshop Supplies & Fluids,Brand New,G-04-02,69,15,In stock,238.08,16427.52,2026-04-16,2026-04-17,2026-04-18,Michael Ramos,Global Tech Hardware Philippines
Hydraulic Shop Press 12 Ton,SE-PRS-12T-604,SN-SE-2026-889447,Lifting & Shop Equipment,Brand New,B-05-03,12,5,In stock,20280.52,243366.24,2026-02-01,2026-02-03,2026-02-04,Bong Garcia,Kabuayan Tool Distro
Brake Fluid Moisture Tester,DE-TST-FLD-363,SN-DE-2026-9BBC58,Diagnostic & Electrical,Brand New,F-05-08,179,20,In stock,440.85,78912.15,2026-05-26,2026-05-28,2026-05-29,Mark Santos,Metro Tools Import Co.
Oxygen Sensor Socket 22mm,SM-SCK-O2S-908,N/A,Specialty Mechanic Tools,Brand New,F-02-08,263,18,In stock,517.43,136084.09,2026-07-31,2026-08-03,2026-08-04,Bong Garcia,Kabuayan Tool Distro
Brass Punch Set 5pc,HT-PCH-05P-629,LOT-2026-4326,Hand Tools,Brand New,A-04-02,85,19,In stock,1287.84,109466.40,2026-03-09,2026-03-11,2026-03-12,Ariel Villanueva,Pacific Rim Auto Parts
Socket Set 24pc Metric,HT-SCK-24M-231,LOT-2026-8685,Hand Tools,Refurbished,B-03-06,253,11,In stock,1983.72,501881.16,2026-07-06,2026-07-08,2026-07-10,Bong Garcia,Luzon Machinery Supply
Electric Rotary Buffer 7in,PT-POL-07I-501,SN-PT-2026-5EEAA4,Power Tools,Brand New,D-08-09,175,8,In stock,4645.86,813025.50,2026-09-03,2026-09-05,2026-09-06,Dave Mendoza,Oriental Tools & Equipment
Valve Spring Compressor Tool,SM-VLV-CMP-784,N/A,Specialty Mechanic Tools,Brand New,A-01-01,29,12,Reserved,1591.84,46163.36,2026-03-03,2026-03-05,2026-03-06,John Reyes,Luzon Machinery Supply
Borescope Endoscope Camera 1080P,DE-CAM-BOR-994,SN-DE-2026-999D2C,Diagnostic & Electrical,Brand New,B-02-02,279,21,In stock,5667.67,1581279.93,2026-05-14,2026-05-17,2026-05-18,Ariel Villanueva,Global Tech Hardware Philippines
Adjustable Pipe Wrench 18in,HT-PWR-18I-786,LOT-2026-4844,Hand Tools,Brand New,C-04-03,25,16,In stock,1521.30,38032.50,2026-03-16,2026-03-18,2026-03-20,Dave Mendoza,Kabuayan Tool Distro
Spark Plug Magnetic Socket Set,SM-SCK-SPK-496,LOT-2026-4547,Specialty Mechanic Tools,Brand New,H-04-01,24,25,Reserved,1046.38,25113.12,2026-05-08,2026-05-10,2026-05-12,Reynaldo Cruz,Visayas Industrial Distribution
Angle Grinder 4.5in 850W,PT-GRN-45I-720,SN-PT-2026-F48DDB,Power Tools,Brand New,B-05-09,63,10,In stock,4220.93,265918.59,2026-08-28,2026-08-30,2026-08-31,Dave Mendoza,Apex Automotive Supplies Inc.
Heavy Duty Steel Car Ramps Pair,SE-RMP-HD2-702,SN-SE-2026-B28469,Lifting & Shop Equipment,Brand New,A-05-06,11,22,Low stock,3207.44,35281.84,2026-08-25,2026-08-28,2026-08-29,Michael Ramos,Apex Automotive Supplies Inc.
Heavy Duty Steel Car Ramps Pair,SE-RMP-HD2-379,SN-SE-2026-5AC573,Lifting & Shop Equipment,Brand New,C-07-09,268,6,In stock,5935.70,1590767.60,2026-06-01,2026-06-02,2026-06-04,Michael Ramos,Kabuayan Tool Distro
Battery Load Tester 100A,DE-BAT-100A-777,SN-DE-2026-128232,Diagnostic & Electrical,Brand New,H-04-02,19,10,Reserved,2870.41,54537.79,2026-08-05,2026-08-06,2026-08-07,Bong Garcia,Apex Automotive Supplies Inc.
Fuel Pressure Test Gauge Set,DE-GST-FUL-443,SN-DE-2026-E4BB57,Diagnostic & Electrical,Brand New,H-09-09,183,15,In stock,3904.49,714521.67,2026-07-05,2026-07-08,2026-07-09,Michael Ramos,Pacific Rim Auto Parts
Valve Spring Compressor Tool,SM-VLV-CMP-536,LOT-2026-7907,Specialty Mechanic Tools,Brand New,E-04-09,233,6,In stock,2344.94,546371.02,2026-08-16,2026-08-18,2026-08-19,Reynaldo Cruz,Global Tech Hardware Philippines
Adjustable Pipe Wrench 18in,HT-PWR-18I-436,N/A,Hand Tools,Brand New,H-07-08,104,21,In stock,1511.13,157157.52,2026-05-15,2026-05-18,2026-05-19,Bong Garcia,Oriental Tools & Equipment
Spark Plug Magnetic Socket Set,SM-SCK-SPK-278,LOT-2026-8913,Specialty Mechanic Tools,Damaged / Defective,B-04-01,1,8,Low stock,829.34,829.34,2026-01-28,2026-01-30,2026-02-01,Mark Santos,Metro Tools Import Co.
Radiator Pressure Tester Kit,DE-GST-RAD-752,SN-DE-2026-3B9624,Diagnostic & Electrical,Brand New,F-07-01,122,14,In stock,4037.18,492535.96,2026-09-07,2026-09-10,2026-09-12,John Reyes,Visayas Industrial Distribution
Semi-Synthetic Oil 10W-40 4L,WS-OIL-10W40-212,N/A,Workshop Supplies & Fluids,Brand New,E-02-06,167,23,In stock,1432.96,239304.32,2026-03-24,2026-03-26,2026-03-27,Mark Santos,Manila Industrial Tools Corp.
Synthetic Engine Oil 5W-40 4L,WS-OIL-5W40-559,N/A,Workshop Supplies & Fluids,Brand New,C-07-09,2,17,Inspection,3185.68,6371.36,2026-05-17,Pending,Pending,Pending Inspection,Visayas Industrial Distribution
Hydraulic Floor Jack 3 Ton,SE-JCK-03T-586,SN-SE-2026-E2508D,Lifting & Shop Equipment,Brand New,C-08-07,86,5,In stock,6361.70,547106.20,2026-08-23,2026-08-25,2026-08-26,Joseph Bautista,Global Tech Hardware Philippines
Anti-Seize Lubricant 200g,WS-LUB-ANZ-247,LOT-2026-5162,Workshop Supplies & Fluids,Brand New,D-02-09,13,17,Low stock,744.30,9675.90,2026-06-08,2026-06-09,2026-06-10,Ariel Villanueva,Pacific Rim Auto Parts
Torque Wrench 1/2in Drive,HT-TRQ-12D-483,N/A,Hand Tools,Brand New,H-09-06,252,5,In stock,7479.90,1884934.80,2026-02-27,2026-03-02,2026-03-04,Dave Mendoza,Oriental Tools & Equipment
3-Jaw Gear Puller 6in,SM-PLR-3J6-687,N/A,Specialty Mechanic Tools,Brand New,H-03-09,156,23,In stock,1317.94,205598.64,2026-08-29,2026-09-01,2026-09-02,Joseph Bautista,Delta Auto Tools Direct
Low Profile Floor Jack 3.5 Ton,SE-JCK-35LP-316,SN-SE-2026-FF8F3B,Lifting & Shop Equipment,Brand New,E-04-06,9,23,Low stock,12488.29,112394.61,2026-09-05,2026-09-06,2026-09-07,John Reyes,Metro Tools Import Co.
Battery Load Tester 100A,DE-BAT-100A-936,SN-DE-2026-C88F36,Diagnostic & Electrical,Brand New,G-04-08,15,20,Low stock,1923.36,28850.40,2026-06-24,2026-06-26,2026-06-27,Michael Ramos,Manila Industrial Tools Corp.
Strut Spring Compressor Pair,SM-STR-CMP-206,LOT-2026-5997,Specialty Mechanic Tools,Refurbished,H-04-06,22,15,Reserved,2021.13,44464.86,2026-02-01,2026-02-03,2026-02-04,Joseph Bautista,Pacific Rim Auto Parts
Ball Peen Hammer 24oz,HT-HMR-24O-425,LOT-2026-3015,Hand Tools,Brand New,C-05-04,21,22,Low stock,708.30,14874.30,2026-02-23,2026-02-24,2026-02-25,Dave Mendoza,Apex Automotive Supplies Inc.
Spark Plug Ignition Tester,DE-TST-SPK-693,SN-DE-2026-B8A698,Diagnostic & Electrical,Brand New,F-03-03,127,19,In stock,642.14,81551.78,2026-09-06,2026-09-09,2026-09-11,Joseph Bautista,Apex Automotive Supplies Inc.
Helicoil Thread Repair Kit M10,SM-THR-M10-124,N/A,Specialty Mechanic Tools,Brand New,C-01-08,21,22,Low stock,1194.30,25080.30,2026-02-09,2026-02-11,2026-02-13,Mark Santos,Global Tech Hardware Philippines
Pneumatic Impact Gun 1/2in,PT-AIR-12I-813,SN-PT-2026-6943A5,Power Tools,Brand New,B-06-03,179,16,In stock,9490.85,1698862.15,2026-01-03,2026-01-04,2026-01-05,Joseph Bautista,Manila Industrial Tools Corp.
Jack Stands 6 Ton Heavy Duty Pair,SE-STD-06T-706,SN-SE-2026-53B2B5,Lifting & Shop Equipment,Brand New,F-04-07,222,11,In stock,4402.73,977406.06,2026-05-03,2026-05-04,2026-05-06,Joseph Bautista,Kabuayan Tool Distro
Infrared Thermometer Gun,DE-IRT-GUN-237,SN-DE-2026-639BCB,Diagnostic & Electrical,Brand New,D-04-01,40,19,In stock,2751.94,110077.60,2026-09-12,2026-09-14,2026-09-16,Reynaldo Cruz,Metro Tools Import Co.
Ratchet Handle 1/2in Drive,HT-RTC-12D-743,N/A,Hand Tools,Brand New,H-09-02,298,16,In stock,1443.03,430022.94,2026-07-18,2026-07-20,2026-07-22,Mark Santos,Delta Auto Tools Direct
Threadlocker Medium Blue 50ml,WS-TLK-BLU-753,LOT-2026-5324,Workshop Supplies & Fluids,Brand New,B-01-05,110,16,In stock,1014.37,111580.70,2026-06-24,2026-06-25,2026-06-26,Dave Mendoza,Luzon Machinery Supply
Heavy Duty Hand Cleaner 3.78L,WS-HND-378-339,N/A,Workshop Supplies & Fluids,Used / Good,G-08-04,4,5,Low stock,1822.67,7290.68,2026-05-07,2026-05-10,2026-05-12,Mark Santos,Manila Industrial Tools Corp.
Cordless Angle Grinder 18V,PT-GRN-18V-334,SN-PT-2026-6FAED7,Power Tools,Brand New,B-07-08,10,15,Inspection,8386.09,83860.90,2026-06-09,Pending,Pending,Pending Inspection,Delta Auto Tools Direct
Cordless Drill Driver 18V,PT-DRL-18V-403,SN-PT-2026-CB168B,Power Tools,Brand New,C-06-01,25,22,Reserved,5465.81,136645.25,2026-01-10,2026-01-12,2026-01-14,Ariel Villanueva,Oriental Tools & Equipment
Nitrile Gloves Heavy Duty 100pk,WS-GLV-100-556,LOT-2026-5907,Workshop Supplies & Fluids,Brand New,F-05-08,4,8,Low stock,696.82,2787.28,2026-03-30,2026-03-31,2026-04-01,Reynaldo Cruz,Delta Auto Tools Direct
Infrared Thermometer Gun,DE-IRT-GUN-132,SN-DE-2026-E8C576,Diagnostic & Electrical,Brand New,B-07-06,81,17,In stock,1359.92,110153.52,2026-10-04,2026-10-07,2026-10-08,Joseph Bautista,Pacific Rim Auto Parts
Synthetic Engine Oil 5W-40 4L,WS-OIL-5W40-930,N/A,Workshop Supplies & Fluids,Brand New,A-07-08,4,12,Inspection,2332.04,9328.16,2026-03-24,Pending,Pending,Pending Inspection,Kabuayan Tool Distro
OBD2 Automotive Scanner Tool,DE-SCN-OBD2-312,SN-DE-2026-65DB14,Diagnostic & Electrical,Used / Good,F-06-04,171,23,In stock,7643.45,1307029.95,2026-07-03,2026-07-04,2026-07-06,Bong Garcia,Pacific Rim Auto Parts
Brake Cleaner Spray 500ml,WS-SPR-BRK-421,LOT-2026-9160,Workshop Supplies & Fluids,Brand New,G-09-02,8,25,Inspection,181.99,1455.92,2026-06-20,Pending,Pending,Pending Inspection,Manila Industrial Tools Corp.
Helicoil Thread Repair Kit M10,SM-THR-M10-259,LOT-2026-8773,Specialty Mechanic Tools,Brand New,H-05-06,203,17,In stock,1471.29,298671.87,2026-06-24,2026-06-27,2026-06-28,Reynaldo Cruz,Luzon Machinery Supply
Hydraulic Bottle Jack 10 Ton,SE-BTL-10T-511,SN-SE-2026-DD9F50,Lifting & Shop Equipment,Brand New,C-06-06,10,14,Reserved,3126.47,31264.70,2026-08-22,2026-08-23,2026-08-25,Ariel Villanueva,Luzon Machinery Supply
Locking Pliers Vise-Grip 10in,HT-PLR-LK10-466,LOT-2026-7599,Hand Tools,Refurbished,B-04-05,71,23,In stock,657.50,46682.50,2026-03-14,2026-03-15,2026-03-16,Dave Mendoza,Pacific Rim Auto Parts
Pneumatic Impact Gun 1/2in,PT-AIR-12I-355,SN-PT-2026-CDED91,Power Tools,Brand New,E-08-03,271,19,In stock,4380.28,1187055.88,2026-09-29,2026-09-30,2026-10-01,Dave Mendoza,Luzon Machinery Supply
Engine Hoist Crane Foldable 2 Ton,SE-HST-02T-450,SN-SE-2026-C9C91A,Lifting & Shop Equipment,Refurbished,H-04-09,175,23,In stock,19986.23,3497590.25,2026-06-26,2026-06-28,2026-06-30,Dave Mendoza,Luzon Machinery Supply
Borescope Endoscope Camera 1080P,DE-CAM-BOR-261,SN-DE-2026-7C0C5E,Diagnostic & Electrical,Brand New,C-05-07,20,19,Inspection,5829.89,116597.80,2026-07-31,Pending,Pending,Pending Inspection,Pacific Rim Auto Parts
Brake Caliper Piston Press Tool,SM-BRK-PST-834,N/A,Specialty Mechanic Tools,Brand New,A-02-05,138,22,In stock,1423.01,196375.38,2026-03-31,2026-04-02,2026-04-03,Bong Garcia,Apex Automotive Supplies Inc.
Cordless Impact Driver 18V,PT-IMP-18V-500,SN-PT-2026-773BD2,Power Tools,Brand New,C-02-08,113,13,In stock,8416.19,951029.47,2026-07-20,2026-07-21,2026-07-22,Ariel Villanueva,Visayas Industrial Distribution
Ball Joint Press Removal Kit,SM-BLJ-SEP-277,LOT-2026-4945,Specialty Mechanic Tools,Refurbished,F-09-03,16,23,Inspection,3588.62,57417.92,2026-06-25,Pending,Pending,Pending Inspection,Kabuayan Tool Distro
Bench Grinder 6in 350W,PT-BGN-06I-483,SN-PT-2026-30C82B,Power Tools,Brand New,A-07-05,55,6,In stock,4165.05,229077.75,2026-06-26,2026-06-29,2026-06-30,Joseph Bautista,Oriental Tools & Equipment
Hydraulic Bottle Jack 20 Ton,SE-BTL-20T-575,SN-SE-2026-54A722,Lifting & Shop Equipment,Brand New,A-02-03,20,14,In stock,4551.17,91023.40,2026-06-19,2026-06-22,2026-06-23,Michael Ramos,Visayas Industrial Distribution
Oxygen Sensor Socket 22mm,SM-SCK-O2S-251,LOT-2026-8319,Specialty Mechanic Tools,Brand New,C-05-08,131,20,In stock,672.94,88155.14,2026-01-22,2026-01-24,2026-01-25,Reynaldo Cruz,Kabuayan Tool Distro
Borescope Endoscope Camera 1080P,DE-CAM-BOR-756,SN-DE-2026-E16357,Diagnostic & Electrical,Brand New,G-01-03,25,18,Reserved,2478.60,61965.00,2026-04-25,2026-04-26,2026-04-27,Ariel Villanueva,Global Tech Hardware Philippines
Pneumatic Impact Gun 1/2in,PT-AIR-12I-720,SN-PT-2026-57C204,Power Tools,Used / Good,D-05-07,25,8,Reserved,6069.73,151743.25,2026-09-11,2026-09-13,2026-09-15,Dave Mendoza,Global Tech Hardware Philippines
Electric Die Grinder 6mm,PT-DIE-06M-785,SN-PT-2026-75517F,Power Tools,Refurbished,G-04-09,249,18,In stock,2843.50,708031.50,2026-08-23,2026-08-24,2026-08-26,John Reyes,Oriental Tools & Equipment
Fluid Transfer Hand Pump,SM-PMP-FLD-374,N/A,Specialty Mechanic Tools,Refurbished,E-04-09,18,6,Inspection,805.13,14492.34,2026-09-09,Pending,Pending,Pending Inspection,Oriental Tools & Equipment
Engine Timing Light Strobe,DE-TMG-STR-862,SN-DE-2026-A3354C,Diagnostic & Electrical,Refurbished,B-02-01,150,14,In stock,3226.94,484041.00,2026-02-12,2026-02-13,2026-02-15,Reynaldo Cruz,Pacific Rim Auto Parts
Bench Grinder 6in 350W,PT-BGN-06I-842,SN-PT-2026-706FF9,Power Tools,Brand New,C-04-04,195,15,In stock,2915.03,568430.85,2026-09-27,2026-09-28,2026-09-30,Mark Santos,Delta Auto Tools Direct
Engine Timing Light Strobe,DE-TMG-STR-401,SN-DE-2026-1FC768,Diagnostic & Electrical,Refurbished,H-07-06,20,10,Reserved,3649.79,72995.80,2026-04-19,2026-04-20,2026-04-21,Bong Garcia,Visayas Industrial Distribution
Torx Key Set T10-T50,HT-TRX-T50-533,LOT-2026-6187,Hand Tools,Brand New,C-01-07,231,17,In stock,415.57,95996.67,2026-01-12,2026-01-14,2026-01-15,Michael Ramos,Pacific Rim Auto Parts
Bench Grinder 6in 350W,PT-BGN-06I-469,SN-PT-2026-C4CB47,Power Tools,Brand New,H-06-05,89,16,In stock,5569.84,495715.76,2026-09-27,2026-09-30,2026-10-02,Mark Santos,Delta Auto Tools Direct
Helicoil Thread Repair Kit M10,SM-THR-M10-235,N/A,Specialty Mechanic Tools,Brand New,B-05-07,273,13,In stock,1412.62,385645.26,2026-02-25,2026-02-26,2026-02-28,Reynaldo Cruz,Manila Industrial Tools Corp.
Spark Plug Magnetic Socket Set,SM-SCK-SPK-779,LOT-2026-2160,Specialty Mechanic Tools,Brand New,G-02-05,46,21,In stock,624.73,28737.58,2026-05-22,2026-05-25,2026-05-27,Joseph Bautista,Pacific Rim Auto Parts
Needle Nose Pliers 8in,HT-PLR-ND8-552,N/A,Hand Tools,Damaged / Defective,F-01-09,57,18,In stock,695.02,39616.14,2026-08-02,2026-08-05,2026-08-06,Dave Mendoza,Apex Automotive Supplies Inc.
Socket Set 24pc Metric,HT-SCK-24M-540,LOT-2026-2966,Hand Tools,Brand New,A-04-02,290,25,In stock,1865.73,541061.70,2026-09-23,2026-09-25,2026-09-27,Bong Garcia,Manila Industrial Tools Corp.
Digital Battery Analyzer 12V,DE-BAT-12VA-621,SN-DE-2026-2FACE6,Diagnostic & Electrical,Brand New,C-03-03,230,16,In stock,3607.00,829610.00,2026-05-20,2026-05-23,2026-05-24,Michael Ramos,Global Tech Hardware Philippines
Mechanic Plastic Creeper 40in,SE-CRP-40I-936,SN-SE-2026-DE52C6,Lifting & Shop Equipment,Brand New,G-04-06,236,8,In stock,1578.56,372540.16,2026-02-23,2026-02-24,2026-02-26,Dave Mendoza,Oriental Tools & Equipment
Valve Spring Compressor Tool,SM-VLV-CMP-560,LOT-2026-3099,Specialty Mechanic Tools,Brand New,F-01-09,138,25,In stock,1513.31,208836.78,2026-05-26,2026-05-27,2026-05-29,Joseph Bautista,Metro Tools Import Co.
Oil Filter Strap Wrench,SM-OFR-STP-828,LOT-2026-8579,Specialty Mechanic Tools,Brand New,C-01-04,19,21,Low stock,404.06,7677.14,2026-03-06,2026-03-08,2026-03-10,John Reyes,Delta Auto Tools Direct
Digital Battery Analyzer 12V,DE-BAT-12VA-215,SN-DE-2026-8CFF35,Diagnostic & Electrical,Brand New,D-05-02,2,8,Low stock,3325.63,6651.26,2026-09-26,2026-09-27,2026-09-29,Dave Mendoza,Pacific Rim Auto Parts
Electric Rotary Buffer 7in,PT-POL-07I-759,SN-PT-2026-82E215,Power Tools,Brand New,H-01-09,177,12,In stock,7484.63,1324779.51,2026-01-15,2026-01-18,2026-01-19,Reynaldo Cruz,Oriental Tools & Equipment
Low Profile Floor Jack 3.5 Ton,SE-JCK-35LP-319,SN-SE-2026-A6C071,Lifting & Shop Equipment,Refurbished,D-01-01,25,16,Reserved,8465.70,211642.50,2026-02-18,2026-02-19,2026-02-20,Michael Ramos,Pacific Rim Auto Parts
Cordless Impact Wrench 20V,PT-IMP-20V-316,SN-PT-2026-246476,Power Tools,Brand New,E-08-01,290,24,In stock,13046.19,3783395.10,2026-03-04,2026-03-05,2026-03-07,John Reyes,Luzon Machinery Supply
Strut Spring Compressor Pair,SM-STR-CMP-529,N/A,Specialty Mechanic Tools,Brand New,G-08-07,284,9,In stock,2276.08,646406.72,2026-06-16,2026-06-17,2026-06-19,Joseph Bautista,Delta Auto Tools Direct
Engine Stand 1000lbs Rotating,SE-ENG-1000-143,SN-SE-2026-77CF1B,Lifting & Shop Equipment,Brand New,H-08-03,100,13,In stock,5566.12,556612.00,2026-05-02,2026-05-04,2026-05-05,Joseph Bautista,Delta Auto Tools Direct
Lithium Grease Tube 400g,WS-GRS-LTH-785,LOT-2026-9318,Workshop Supplies & Fluids,Used / Good,H-08-07,239,21,In stock,346.48,82808.72,2026-01-21,2026-01-23,2026-01-25,Reynaldo Cruz,Manila Industrial Tools Corp.
Rubber Mallet 16oz,HT-MLT-16O-110,N/A,Hand Tools,Brand New,H-05-08,10,19,Inspection,298.95,2989.50,2026-06-19,Pending,Pending,Pending Inspection,Kabuayan Tool Distro
3-Jaw Gear Puller 6in,SM-PLR-3J6-554,LOT-2026-3317,Specialty Mechanic Tools,Brand New,B-05-03,9,23,Low stock,1114.93,10034.37,2026-01-14,2026-01-15,2026-01-17,Michael Ramos,Pacific Rim Auto Parts
Reciprocating Saw 18V,PT-SAW-18V-184,SN-PT-2026-DE417D,Power Tools,Brand New,G-03-03,225,17,In stock,8762.07,1971465.75,2026-06-20,2026-06-22,2026-06-23,John Reyes,Pacific Rim Auto Parts
Strut Spring Compressor Pair,SM-STR-CMP-725,LOT-2026-7549,Specialty Mechanic Tools,Brand New,C-02-01,214,12,In stock,2163.66,463023.24,2026-09-09,2026-09-11,2026-09-12,Mark Santos,Kabuayan Tool Distro
Synthetic Engine Oil 5W-30 4L,WS-OIL-5W30-377,N/A,Workshop Supplies & Fluids,Brand New,H-07-09,30,18,Reserved,2524.41,75732.30,2026-02-21,2026-02-22,2026-02-24,John Reyes,Oriental Tools & Equipment
Ball Peen Hammer 24oz,HT-HMR-24O-345,LOT-2026-9693,Hand Tools,Brand New,D-06-09,66,10,In stock,446.55,29472.30,2026-05-06,2026-05-09,2026-05-11,John Reyes,Visayas Industrial Distribution
Hydraulic Shop Press 20 Ton,SE-PRS-20T-910,SN-SE-2026-C30F07,Lifting & Shop Equipment,Brand New,D-03-04,155,22,In stock,23668.78,3668660.90,2026-07-12,2026-07-15,2026-07-17,Joseph Bautista,Luzon Machinery Supply
Threadlocker Medium Blue 50ml,WS-TLK-BLU-869,LOT-2026-3413,Workshop Supplies & Fluids,Brand New,D-07-01,86,18,In stock,782.62,67305.32,2026-06-09,2026-06-10,2026-06-12,Michael Ramos,Manila Industrial Tools Corp.
Engine Timing Light Strobe,DE-TMG-STR-599,SN-DE-2026-E7A78B,Diagnostic & Electrical,Brand New,E-01-01,10,11,Low stock,2098.26,20982.60,2026-09-19,2026-09-21,2026-09-23,Ariel Villanueva,Delta Auto Tools Direct
Helicoil Thread Repair Kit M8,SM-THR-M08-516,LOT-2026-2391,Specialty Mechanic Tools,Brand New,H-08-02,177,5,In stock,1070.86,189542.22,2026-09-29,2026-10-02,2026-10-03,Dave Mendoza,Visayas Industrial Distribution
Cordless Impact Wrench 20V,PT-IMP-20V-154,SN-PT-2026-A8D6E8,Power Tools,Used / Good,F-09-06,25,12,Reserved,8633.22,215830.50,2026-03-21,2026-03-23,2026-03-25,Mark Santos,Luzon Machinery Supply
Semi-Synthetic Oil 10W-40 4L,WS-OIL-10W40-788,LOT-2026-9315,Workshop Supplies & Fluids,Brand New,A-09-02,105,6,In stock,2185.73,229501.65,2026-08-22,2026-08-24,2026-08-26,John Reyes,Oriental Tools & Equipment
Heavy Duty Hand Cleaner 3.78L,WS-HND-378-981,LOT-2026-7049,Workshop Supplies & Fluids,Brand New,B-05-07,189,25,In stock,1396.03,263849.67,2026-09-25,2026-09-26,2026-09-27,Mark Santos,Apex Automotive Supplies Inc.
Screwdriver Set Magnetic 10pc,HT-SDR-10P-455,N/A,Hand Tools,Refurbished,A-06-01,3,19,Inspection,874.52,2623.56,2026-05-03,Pending,Pending,Pending Inspection,Kabuayan Tool Distro
Hydraulic Shop Press 12 Ton,SE-PRS-12T-913,SN-SE-2026-4BA3FC,Lifting & Shop Equipment,Brand New,A-04-05,87,14,In stock,13088.15,1138669.05,2026-08-17,2026-08-18,2026-08-20,Dave Mendoza,Kabuayan Tool Distro
Ball Joint Press Removal Kit,SM-BLJ-SEP-346,N/A,Specialty Mechanic Tools,Brand New,D-04-01,240,24,In stock,4367.51,1048202.40,2026-04-17,2026-04-19,2026-04-21,Reynaldo Cruz,Delta Auto Tools Direct
Synthetic Engine Oil 5W-40 4L,WS-OIL-5W40-319,LOT-2026-6593,Workshop Supplies & Fluids,Brand New,A-01-05,35,25,In stock,2782.12,97374.20,2026-02-15,2026-02-18,2026-02-20,Michael Ramos,Global Tech Hardware Philippines
Electric Die Grinder 6mm,PT-DIE-06M-761,SN-PT-2026-8CDE94,Power Tools,Brand New,C-02-07,80,11,In stock,3670.58,293646.40,2026-07-25,2026-07-28,2026-07-30,Bong Garcia,Delta Auto Tools Direct
Digital Multimeter Auto-Ranging,DE-MMT-DIGI-151,SN-DE-2026-B7F095,Diagnostic & Electrical,Brand New,E-03-07,17,8,In stock,3776.42,64199.14,2026-03-11,2026-03-12,2026-03-13,Reynaldo Cruz,Oriental Tools & Equipment
Semi-Synthetic Oil 10W-40 4L,WS-OIL-10W40-681,N/A,Workshop Supplies & Fluids,Brand New,B-05-08,26,6,In stock,1685.67,43827.42,2026-01-26,2026-01-27,2026-01-28,Reynaldo Cruz,Delta Auto Tools Direct
Engine Hoist Crane Foldable 2 Ton,SE-HST-02T-456,SN-SE-2026-D93D0D,Lifting & Shop Equipment,Brand New,H-07-09,105,23,In stock,14530.28,1525679.40,2026-04-23,2026-04-24,2026-04-26,Michael Ramos,Kabuayan Tool Distro
Synthetic Engine Oil 5W-40 4L,WS-OIL-5W40-390,N/A,Workshop Supplies & Fluids,Brand New,D-06-06,54,11,In stock,2975.05,160652.70,2026-10-01,2026-10-02,2026-10-03,Bong Garcia,Visayas Industrial Distribution
Pneumatic Impact Gun 1/2in,PT-AIR-12I-927,SN-PT-2026-F7F785,Power Tools,Brand New,H-02-04,159,25,In stock,8217.17,1306530.03,2026-01-22,2026-01-25,2026-01-27,Bong Garcia,Metro Tools Import Co.
Battery Load Tester 100A,DE-BAT-100A-172,SN-DE-2026-8223C6,Diagnostic & Electrical,Brand New,E-08-09,1,19,Low stock,1991.72,1991.72,2026-04-17,2026-04-20,2026-04-22,Mark Santos,Luzon Machinery Supply
Helicoil Thread Repair Kit M8,SM-THR-M08-285,LOT-2026-4912,Specialty Mechanic Tools,Brand New,A-07-07,55,19,In stock,658.62,36224.10,2026-04-30,2026-05-03,2026-05-04,Michael Ramos,Oriental Tools & Equipment
RTV Silicone Gasket Black 85g,WS-GSK-RTV-751,LOT-2026-5526,Workshop Supplies & Fluids,Brand New,E-02-04,206,16,In stock,307.72,63390.32,2026-08-30,2026-08-31,2026-09-02,John Reyes,Apex Automotive Supplies Inc.
Electric Rotary Buffer 7in,PT-POL-07I-833,SN-PT-2026-3113CC,Power Tools,Brand New,D-01-04,101,24,In stock,6446.64,651110.64,2026-04-02,2026-04-04,2026-04-06,Michael Ramos,Global Tech Hardware Philippines
Heat Gun 2000W Dual Temp,PT-HTG-20K-101,SN-PT-2026-522F23,Power Tools,Brand New,D-05-02,19,17,Reserved,1212.56,23038.64,2026-09-02,2026-09-05,2026-09-07,Michael Ramos,Manila Industrial Tools Corp.
Helicoil Thread Repair Kit M10,SM-THR-M10-849,N/A,Specialty Mechanic Tools,Brand New,E-08-06,161,12,In stock,978.89,157601.29,2026-04-28,2026-04-30,2026-05-01,Joseph Bautista,Visayas Industrial Distribution
Nitrile Gloves Heavy Duty 100pk,WS-GLV-100-830,LOT-2026-2965,Workshop Supplies & Fluids,Brand New,F-03-04,132,12,In stock,531.97,70220.04,2026-04-02,2026-04-03,2026-04-04,Bong Garcia,Apex Automotive Supplies Inc.
Cordless Drill Driver 18V,PT-DRL-18V-428,SN-PT-2026-CA14A4,Power Tools,Brand New,A-04-01,287,20,In stock,5088.06,1460273.22,2026-01-09,2026-01-11,2026-01-12,Mark Santos,Oriental Tools & Equipment
Brake Caliper Piston Press Tool,SM-BRK-PST-471,LOT-2026-1752,Specialty Mechanic Tools,Brand New,A-03-04,254,15,In stock,1728.73,439097.42,2026-06-28,2026-06-30,2026-07-02,Ariel Villanueva,Delta Auto Tools Direct
Synthetic Engine Oil 5W-40 4L,WS-OIL-5W40-764,LOT-2026-9227,Workshop Supplies & Fluids,Brand New,C-06-01,173,13,In stock,1900.77,328833.21,2026-05-22,2026-05-23,2026-05-24,Reynaldo Cruz,Global Tech Hardware Philippines
Hydraulic Shop Press 20 Ton,SE-PRS-20T-565,SN-SE-2026-2E209D,Lifting & Shop Equipment,Brand New,G-02-07,95,6,In stock,18220.61,1730957.95,2026-03-04,2026-03-06,2026-03-07,Mark Santos,Apex Automotive Supplies Inc.
Adjustable Pipe Wrench 14in,HT-PWR-14I-461,LOT-2026-3119,Hand Tools,Refurbished,F-05-02,19,13,Inspection,1022.25,19422.75,2026-06-16,Pending,Pending,Pending Inspection,Delta Auto Tools Direct
Heavy Duty Steel Car Ramps Pair,SE-RMP-HD2-721,SN-SE-2026-CF2CEB,Lifting & Shop Equipment,Brand New,H-04-03,140,9,In stock,4342.56,607958.40,2026-03-22,2026-03-23,2026-03-24,Bong Garcia,Oriental Tools & Equipment
Hex Key Allen Set Metric,HT-HEX-MET-912,LOT-2026-5863,Hand Tools,Brand New,G-06-06,3,22,Low stock,711.09,2133.27,2026-09-23,2026-09-26,2026-09-28,Mark Santos,Metro Tools Import Co.
Deep Impact Socket Set 1/2in,HT-SCK-IMP12-772,N/A,Hand Tools,Brand New,H-01-03,238,20,In stock,3797.21,903735.98,2026-06-19,2026-06-20,2026-06-21,Reynaldo Cruz,Manila Industrial Tools Corp.
Tie Rod End & Pitman Arm Puller,SM-TRD-RMV-149,LOT-2026-5471,Specialty Mechanic Tools,Brand New,C-06-09,10,8,Reserved,1046.82,10468.20,2026-07-29,2026-07-30,2026-08-01,Reynaldo Cruz,Oriental Tools & Equipment
Electric Die Grinder 6mm,PT-DIE-06M-173,SN-PT-2026-1078EC,Power Tools,Damaged / Defective,D-08-07,104,9,In stock,3383.44,351877.76,2026-03-31,2026-04-03,2026-04-04,Joseph Bautista,Kabuayan Tool Distro
Heat Gun 2000W Dual Temp,PT-HTG-20K-797,SN-PT-2026-56FEFA,Power Tools,Brand New,F-05-09,156,5,In stock,1427.95,222760.20,2026-01-05,2026-01-08,2026-01-09,John Reyes,Kabuayan Tool Distro
Helicoil Thread Repair Kit M10,SM-THR-M10-933,LOT-2026-1408,Specialty Mechanic Tools,Brand New,H-01-06,22,14,Reserved,1379.35,30345.70,2026-03-18,2026-03-19,2026-03-21,Michael Ramos,Pacific Rim Auto Parts
Adjustable Pipe Wrench 18in,HT-PWR-18I-486,N/A,Hand Tools,Refurbished,F-01-06,12,24,Inspection,1330.74,15968.88,2026-06-09,Pending,Pending,Pending Inspection,Kabuayan Tool Distro
Digital Multimeter Auto-Ranging,DE-MMT-DIGI-597,SN-DE-2026-9B4E1B,Diagnostic & Electrical,Brand New,E-08-09,185,20,In stock,2917.85,539802.25,2026-06-24,2026-06-26,2026-06-27,Joseph Bautista,Manila Industrial Tools Corp.
Cordless Drill Driver 18V,PT-DRL-18V-882,SN-PT-2026-418CF4,Power Tools,Refurbished,A-01-04,228,17,In stock,4190.59,955454.52,2026-07-21,2026-07-23,2026-07-24,Michael Ramos,Luzon Machinery Supply
Amp Clamp Meter AC/DC,DE-MMT-AMP-773,SN-DE-2026-6A4DFD,Diagnostic & Electrical,Brand New,C-07-01,279,17,In stock,4592.30,1281251.70,2026-07-01,2026-07-03,2026-07-04,John Reyes,Oriental Tools & Equipment
Mechanic Shop Towels 50pk,WS-TWL-50P-859,LOT-2026-3629,Workshop Supplies & Fluids,Brand New,B-09-06,145,6,In stock,840.46,121866.70,2026-02-10,2026-02-12,2026-02-14,Joseph Bautista,Pacific Rim Auto Parts
Lithium Grease Tube 400g,WS-GRS-LTH-438,LOT-2026-2629,Workshop Supplies & Fluids,Brand New,B-01-06,2,5,Low stock,402.21,804.42,2026-08-19,2026-08-21,2026-08-22,Bong Garcia,Oriental Tools & Equipment
Helicoil Thread Repair Kit M10,SM-THR-M10-196,N/A,Specialty Mechanic Tools,Used / Good,G-03-05,180,5,In stock,1442.48,259646.40,2026-07-13,2026-07-16,2026-07-18,Dave Mendoza,Pacific Rim Auto Parts
Engine Stand 1000lbs Rotating,SE-ENG-1000-719,SN-SE-2026-2E6C8E,Lifting & Shop Equipment,Refurbished,A-06-07,17,6,Inspection,7438.92,126461.64,2026-10-02,Pending,Pending,Pending Inspection,Visayas Industrial Distribution
Air Angle Die Grinder,PT-AIR-ADG-625,SN-PT-2026-639A9B,Power Tools,Brand New,E-07-06,247,10,In stock,2202.01,543896.47,2026-02-10,2026-02-13,2026-02-15,Joseph Bautista,Pacific Rim Auto Parts
Angle Grinder 4.5in 850W,PT-GRN-45I-530,SN-PT-2026-3B03E7,Power Tools,Refurbished,H-06-04,16,10,Inspection,4477.03,71632.48,2026-08-25,Pending,Pending,Pending Inspection,Luzon Machinery Supply
Digital Multimeter Auto-Ranging,DE-MMT-DIGI-513,SN-DE-2026-FDED1A,Diagnostic & Electrical,Brand New,F-07-08,5,8,Reserved,1278.73,6393.65,2026-02-16,2026-02-18,2026-02-19,Mark Santos,Manila Industrial Tools Corp.
Synthetic Engine Oil 5W-30 4L,WS-OIL-5W30-664,LOT-2026-8080,Workshop Supplies & Fluids,Brand New,E-04-01,84,5,In stock,2884.74,242318.16,2026-02-27,2026-03-02,2026-03-04,Ariel Villanueva,Visayas Industrial Distribution
Cordless Angle Grinder 18V,PT-GRN-18V-306,SN-PT-2026-8D64AD,Power Tools,Brand New,F-01-08,17,8,Inspection,8315.55,141364.35,2026-02-09,Pending,Pending,Pending Inspection,Manila Industrial Tools Corp.
Penetrating Oil Spray 400ml,WS-SPR-PNT-218,LOT-2026-1273,Workshop Supplies & Fluids,Brand New,H-03-08,162,20,In stock,295.96,47945.52,2026-07-11,2026-07-14,2026-07-15,Joseph Bautista,Kabuayan Tool Distro
Engine Stand 1000lbs Rotating,SE-ENG-1000-619,SN-SE-2026-63AA0C,Lifting & Shop Equipment,Brand New,C-08-01,21,11,In stock,6146.68,129080.28,2026-10-01,2026-10-03,2026-10-04,Ariel Villanueva,Metro Tools Import Co.
Rolling Shop Stool Adjustable,SE-STL-RLG-220,SN-SE-2026-BB7EA1,Lifting & Shop Equipment,Brand New,B-07-09,114,25,In stock,1647.18,187778.52,2026-06-21,2026-06-24,2026-06-25,Joseph Bautista,Apex Automotive Supplies Inc.
Hydraulic Shop Press 20 Ton,SE-PRS-20T-518,SN-SE-2026-CDC98A,Lifting & Shop Equipment,Brand New,D-02-02,4,16,Low stock,24433.49,97733.96,2026-09-13,2026-09-15,2026-09-17,Bong Garcia,Luzon Machinery Supply
OBD2 Automotive Scanner Tool,DE-SCN-OBD2-333,SN-DE-2026-380E2D,Diagnostic & Electrical,Brand New,D-09-08,39,10,In stock,15833.13,617492.07,2026-01-09,2026-01-12,2026-01-14,Bong Garcia,Global Tech Hardware Philippines
Synthetic Engine Oil 5W-40 4L,WS-OIL-5W40-192,LOT-2026-5536,Workshop Supplies & Fluids,Brand New,F-05-09,270,24,In stock,2085.17,562995.90,2026-06-23,2026-06-26,2026-06-28,Michael Ramos,Metro Tools Import Co.
Waste Oil Drain Pan 15L,SE-PAN-15L-493,SN-SE-2026-694FA6,Lifting & Shop Equipment,Brand New,B-07-08,4,13,Low stock,664.03,2656.12,2026-03-01,2026-03-02,2026-03-03,Mark Santos,Pacific Rim Auto Parts
Spark Plug Magnetic Socket Set,SM-SCK-SPK-327,N/A,Specialty Mechanic Tools,Brand New,A-08-03,124,5,In stock,775.60,96174.40,2026-02-28,2026-03-02,2026-03-03,Michael Ramos,Delta Auto Tools Direct
Pneumatic Impact Gun 3/4in,PT-AIR-34I-474,SN-PT-2026-D16FEE,Power Tools,Brand New,D-08-04,115,13,In stock,14699.66,1690460.90,2026-06-15,2026-06-16,2026-06-17,Reynaldo Cruz,Delta Auto Tools Direct
Semi-Synthetic Oil 10W-40 4L,WS-OIL-10W40-565,LOT-2026-2796,Workshop Supplies & Fluids,Brand New,C-06-05,24,25,Reserved,1747.14,41931.36,2026-05-01,2026-05-04,2026-05-05,Bong Garcia,Kabuayan Tool Distro
Threadlocker Medium Blue 50ml,WS-TLK-BLU-642,LOT-2026-9027,Workshop Supplies & Fluids,Brand New,B-06-07,4,14,Low stock,989.35,3957.40,2026-07-27,2026-07-29,2026-07-30,John Reyes,Luzon Machinery Supply
Hydraulic Bottle Jack 10 Ton,SE-BTL-10T-825,SN-SE-2026-4F425A,Lifting & Shop Equipment,Brand New,E-02-03,93,13,In stock,3298.73,306781.89,2026-07-12,2026-07-13,2026-07-15,John Reyes,Apex Automotive Supplies Inc.
Automatic Transmission Fluid 1L,WS-FLD-ATF1-637,LOT-2026-9663,Workshop Supplies & Fluids,Brand New,A-09-09,15,10,Reserved,935.74,14036.10,2026-07-09,2026-07-11,2026-07-13,Bong Garcia,Luzon Machinery Supply
Jack Stands 6 Ton Heavy Duty Pair,SE-STD-06T-436,SN-SE-2026-670EAC,Lifting & Shop Equipment,Brand New,D-09-09,148,16,In stock,5251.91,777282.68,2026-04-19,2026-04-22,2026-04-24,Reynaldo Cruz,Oriental Tools & Equipment
Ratchet Handle 1/2in Drive,HT-RTC-12D-944,N/A,Hand Tools,Brand New,A-05-08,44,10,In stock,832.94,36649.36,2026-06-17,2026-06-20,2026-06-22,Mark Santos,Luzon Machinery Supply
Valve Spring Compressor Tool,SM-VLV-CMP-570,N/A,Specialty Mechanic Tools,Brand New,C-02-07,241,22,In stock,1691.71,407702.11,2026-01-02,2026-01-03,2026-01-05,Joseph Bautista,Apex Automotive Supplies Inc.
Jack Stands 3 Ton Steel Pair,SE-STD-03T-908,SN-SE-2026-784739,Lifting & Shop Equipment,Damaged / Defective,D-05-08,73,17,In stock,3439.15,251057.95,2026-06-27,2026-06-28,2026-06-30,Bong Garcia,Luzon Machinery Supply
Battery Load Tester 100A,DE-BAT-100A-283,SN-DE-2026-F163BD,Diagnostic & Electrical,Brand New,F-06-05,11,10,In stock,2465.47,27120.17,2026-06-10,2026-06-12,2026-06-14,Michael Ramos,Global Tech Hardware Philippines
Pneumatic Oil Extractor 9L,SE-EXT-09L-256,SN-SE-2026-66F941,Lifting & Shop Equipment,Brand New,A-04-04,23,11,Reserved,4545.04,104535.92,2026-09-11,2026-09-14,2026-09-16,Bong Garcia,Apex Automotive Supplies Inc.
Pneumatic Oil Extractor 9L,SE-EXT-09L-747,SN-SE-2026-C3E2D1,Lifting & Shop Equipment,Brand New,H-09-01,128,19,In stock,3891.42,498101.76,2026-04-03,2026-04-04,2026-04-06,Reynaldo Cruz,Global Tech Hardware Philippines
Pneumatic Oil Extractor 9L,SE-EXT-09L-481,SN-SE-2026-D45A7F,Lifting & Shop Equipment,Brand New,D-05-08,168,25,In stock,3774.98,634196.64,2026-02-21,2026-02-23,2026-02-25,Joseph Bautista,Apex Automotive Supplies Inc.
Pneumatic Oil Extractor 9L,SE-EXT-09L-566,SN-SE-2026-2E1F37,Lifting & Shop Equipment,Damaged / Defective,C-02-05,117,24,In stock,3898.83,456163.11,2026-02-05,2026-02-08,2026-02-10,Mark Santos,Manila Industrial Tools Corp.
Radiator Pressure Tester Kit,DE-GST-RAD-373,SN-DE-2026-2FD28B,Diagnostic & Electrical,Brand New,G-05-02,188,20,In stock,4935.19,927815.72,2026-09-22,2026-09-24,2026-09-25,Ariel Villanueva,Apex Automotive Supplies Inc.
Pneumatic Impact Gun 3/4in,PT-AIR-34I-942,SN-PT-2026-EB2850,Power Tools,Brand New,D-03-04,168,13,In stock,14479.16,2432498.88,2026-05-08,2026-05-09,2026-05-10,Mark Santos,Metro Tools Import Co.
Cordless Impact Wrench 20V,PT-IMP-20V-297,SN-PT-2026-2F0061,Power Tools,Brand New,G-02-04,213,13,In stock,7696.47,1639348.11,2026-02-28,2026-03-03,2026-03-04,Reynaldo Cruz,Kabuayan Tool Distro
Hydraulic Bottle Jack 20 Ton,SE-BTL-20T-572,SN-SE-2026-18D17B,Lifting & Shop Equipment,Used / Good,G-07-06,247,19,In stock,3872.71,956559.37,2026-04-18,2026-04-19,2026-04-21,Bong Garcia,Oriental Tools & Equipment
Carburetor Cleaner Spray 450ml,WS-SPR-CARB-825,LOT-2026-9992,Workshop Supplies & Fluids,Brand New,G-08-02,204,11,In stock,202.00,41208.00,2026-07-26,2026-07-28,2026-07-30,John Reyes,Apex Automotive Supplies Inc.
Transmission Jack 0.5 Ton,SE-JCK-TRN-113,SN-SE-2026-5CE724,Lifting & Shop Equipment,Brand New,C-04-05,57,20,In stock,11856.79,675837.03,2026-02-14,2026-02-16,2026-02-17,Bong Garcia,Manila Industrial Tools Corp.
Cordless Drill Driver 18V,PT-DRL-18V-900,SN-PT-2026-596445,Power Tools,Brand New,F-08-07,83,12,In stock,6717.12,557520.96,2026-07-17,2026-07-20,2026-07-22,John Reyes,Global Tech Hardware Philippines
Impact Screwdriver Kit,HT-SDR-IMP-518,LOT-2026-2587,Hand Tools,Brand New,B-03-05,152,5,In stock,986.56,149957.12,2026-03-09,2026-03-10,2026-03-11,Ariel Villanueva,Manila Industrial Tools Corp.
Helicoil Thread Repair Kit M8,SM-THR-M08-631,LOT-2026-2841,Specialty Mechanic Tools,Brand New,F-09-03,209,11,In stock,803.76,167985.84,2026-02-27,2026-03-01,2026-03-03,John Reyes,Luzon Machinery Supply
Heat Gun 2000W Dual Temp,PT-HTG-20K-882,SN-PT-2026-2DFEDE,Power Tools,Brand New,E-07-02,7,22,Low stock,2214.57,15501.99,2026-03-19,2026-03-22,2026-03-24,Bong Garcia,Luzon Machinery Supply
Torque Wrench 1/2in Drive,HT-TRQ-12D-130,LOT-2026-1820,Hand Tools,Brand New,B-09-01,18,13,Reserved,3968.36,71430.48,2026-04-01,2026-04-04,2026-04-06,John Reyes,Pacific Rim Auto Parts
Combination Wrench 12mm,HT-WRN-12M-557,LOT-2026-8753,Hand Tools,Damaged / Defective,C-02-02,64,15,In stock,190.89,12216.96,2026-01-28,2026-01-29,2026-01-30,Mark Santos,Global Tech Hardware Philippines
Helicoil Thread Repair Kit M10,SM-THR-M10-190,LOT-2026-1595,Specialty Mechanic Tools,Brand New,D-06-06,112,13,In stock,1304.01,146049.12,2026-04-09,2026-04-10,2026-04-11,Dave Mendoza,Manila Industrial Tools Corp.
Engine Timing Light Strobe,DE-TMG-STR-552,SN-DE-2026-2F1276,Diagnostic & Electrical,Brand New,E-03-09,95,21,In stock,2434.14,231243.30,2026-06-26,2026-06-29,2026-07-01,Reynaldo Cruz,Kabuayan Tool Distro
Ball Joint Press Removal Kit,SM-BLJ-SEP-511,LOT-2026-1322,Specialty Mechanic Tools,Brand New,G-01-06,10,12,Low stock,2386.40,23864.00,2026-06-19,2026-06-21,2026-06-22,Bong Garcia,Apex Automotive Supplies Inc.
Rolling Shop Stool Adjustable,SE-STL-RLG-905,SN-SE-2026-4254BE,Lifting & Shop Equipment,Brand New,C-03-07,6,10,Low stock,1855.58,11133.48,2026-07-13,2026-07-16,2026-07-18,Dave Mendoza,Luzon Machinery Supply
Anti-Seize Lubricant 200g,WS-LUB-ANZ-949,LOT-2026-7202,Workshop Supplies & Fluids,Brand New,B-07-03,271,22,In stock,591.28,160236.88,2026-03-16,2026-03-17,2026-03-18,Joseph Bautista,Luzon Machinery Supply
Infrared Thermometer Gun,DE-IRT-GUN-927,SN-DE-2026-3011BA,Diagnostic & Electrical,Brand New,F-02-04,179,21,In stock,1862.18,333330.22,2026-07-30,2026-08-01,2026-08-03,John Reyes,Luzon Machinery Supply
Cordless Impact Wrench 20V,PT-IMP-20V-260,SN-PT-2026-C0935E,Power Tools,Refurbished,E-06-03,7,8,Inspection,8429.20,59004.40,2026-07-28,Pending,Pending,Pending Inspection,Manila Industrial Tools Corp.
Valve Spring Compressor Tool,SM-VLV-CMP-477,N/A,Specialty Mechanic Tools,Brand New,C-09-09,85,25,In stock,2220.58,188749.30,2026-04-20,2026-04-21,2026-04-22,Dave Mendoza,Visayas Industrial Distribution
Screwdriver Set Magnetic 10pc,HT-SDR-10P-706,LOT-2026-7234,Hand Tools,Used / Good,B-02-07,26,25,Reserved,1002.61,26067.86,2026-02-07,2026-02-08,2026-02-10,Reynaldo Cruz,Apex Automotive Supplies Inc.
Mechanic Shop Towels 50pk,WS-TWL-50P-978,LOT-2026-9031,Workshop Supplies & Fluids,Brand New,H-07-02,154,17,In stock,657.04,101184.16,2026-06-22,2026-06-24,2026-06-25,John Reyes,Delta Auto Tools Direct
Pneumatic Impact Gun 3/4in,PT-AIR-34I-906,SN-PT-2026-1FFD4C,Power Tools,Brand New,A-04-02,30,20,Reserved,17743.14,532294.20,2026-05-25,2026-05-28,2026-05-29,Reynaldo Cruz,Delta Auto Tools Direct
Synthetic Engine Oil 5W-30 4L,WS-OIL-5W30-936,LOT-2026-4206,Workshop Supplies & Fluids,Refurbished,E-05-06,18,25,Reserved,2932.74,52789.32,2026-07-04,2026-07-06,2026-07-08,Michael Ramos,Metro Tools Import Co.
Brake Caliper Piston Press Tool,SM-BRK-PST-508,N/A,Specialty Mechanic Tools,Brand New,D-08-06,1,18,Low stock,1049.13,1049.13,2026-08-22,2026-08-23,2026-08-24,Joseph Bautista,Delta Auto Tools Direct
Engine Stand 1000lbs Rotating,SE-ENG-1000-300,SN-SE-2026-BBD9D4,Lifting & Shop Equipment,Refurbished,A-09-08,20,13,Inspection,6057.99,121159.80,2026-06-01,Pending,Pending,Pending Inspection,Delta Auto Tools Direct
Valve Spring Compressor Tool,SM-VLV-CMP-438,N/A,Specialty Mechanic Tools,Brand New,C-05-04,280,5,In stock,2689.25,752990.00,2026-03-22,2026-03-25,2026-03-26,Joseph Bautista,Manila Industrial Tools Corp.
Combination Wrench 12mm,HT-WRN-12M-739,N/A,Hand Tools,Brand New,E-08-01,274,20,In stock,354.98,97264.52,2026-09-22,2026-09-23,2026-09-25,Mark Santos,Visayas Industrial Distribution
3-Jaw Gear Puller 6in,SM-PLR-3J6-732,LOT-2026-6136,Specialty Mechanic Tools,Refurbished,B-05-06,30,18,Reserved,1583.68,47510.40,2026-09-29,2026-10-01,2026-10-03,Ariel Villanueva,Apex Automotive Supplies Inc.
Amp Clamp Meter AC/DC,DE-MMT-AMP-477,SN-DE-2026-8871A7,Diagnostic & Electrical,Brand New,B-08-08,171,15,In stock,3096.36,529477.56,2026-07-20,2026-07-23,2026-07-25,John Reyes,Apex Automotive Supplies Inc.
Reciprocating Saw 18V,PT-SAW-18V-519,SN-PT-2026-9565D6,Power Tools,Brand New,H-09-02,269,7,In stock,7952.46,2139211.74,2026-06-27,2026-06-28,2026-06-29,Dave Mendoza,Visayas Industrial Distribution
Pneumatic Air Ratchet 3/8in,PT-AIR-38R-374,SN-PT-2026-1C85AE,Power Tools,Refurbished,C-07-06,4,7,Low stock,3863.63,15454.52,2026-05-02,2026-05-04,2026-05-06,Joseph Bautista,Metro Tools Import Co.
Ball Joint Press Removal Kit,SM-BLJ-SEP-989,N/A,Specialty Mechanic Tools,Brand New,F-05-06,151,22,In stock,2867.90,433052.90,2026-02-21,2026-02-24,2026-02-26,Michael Ramos,Global Tech Hardware Philippines
Helicoil Thread Repair Kit M8,SM-THR-M08-570,LOT-2026-8408,Specialty Mechanic Tools,Brand New,E-01-05,115,16,In stock,712.58,81946.70,2026-03-10,2026-03-11,2026-03-12,Bong Garcia,Kabuayan Tool Distro
Pneumatic Air Ratchet 3/8in,PT-AIR-38R-371,SN-PT-2026-78DE78,Power Tools,Brand New,H-02-06,104,13,In stock,2787.60,289910.40,2026-07-23,2026-07-26,2026-07-27,Reynaldo Cruz,Delta Auto Tools Direct
Hydraulic Bottle Jack 10 Ton,SE-BTL-10T-271,SN-SE-2026-78F2D1,Lifting & Shop Equipment,Brand New,A-05-05,6,18,Reserved,2798.55,16791.30,2026-09-27,2026-09-30,2026-10-01,Reynaldo Cruz,Luzon Machinery Supply
Brake Caliper Piston Press Tool,SM-BRK-PST-787,LOT-2026-2528,Specialty Mechanic Tools,Brand New,F-06-05,41,6,In stock,1069.70,43857.70,2026-03-02,2026-03-05,2026-03-06,Dave Mendoza,Global Tech Hardware Philippines
Valve Spring Compressor Tool,SM-VLV-CMP-348,LOT-2026-1593,Specialty Mechanic Tools,Brand New,C-07-06,134,7,In stock,1361.20,182400.80,2026-07-10,2026-07-11,2026-07-12,Bong Garcia,Manila Industrial Tools Corp.
Screwdriver Set Magnetic 10pc,HT-SDR-10P-272,LOT-2026-5781,Hand Tools,Brand New,C-01-08,172,14,In stock,1344.57,231266.04,2026-06-19,2026-06-22,2026-06-24,Bong Garcia,Pacific Rim Auto Parts
Fuel Pressure Test Gauge Set,DE-GST-FUL-716,SN-DE-2026-FBC196,Diagnostic & Electrical,Brand New,H-03-02,79,19,In stock,2843.71,224653.09,2026-06-30,2026-07-03,2026-07-04,Reynaldo Cruz,Manila Industrial Tools Corp.
Cordless Impact Driver 18V,PT-IMP-18V-335,SN-PT-2026-F5D055,Power Tools,Brand New,B-06-09,19,9,Reserved,10972.14,208470.66,2026-05-09,2026-05-11,2026-05-13,Reynaldo Cruz,Luzon Machinery Supply
Angle Grinder 4.5in 850W,PT-GRN-45I-523,SN-PT-2026-8B149E,Power Tools,Brand New,H-08-06,132,21,In stock,3847.20,507830.40,2026-02-06,2026-02-08,2026-02-09,Dave Mendoza,Oriental Tools & Equipment
Impact Screwdriver Kit,HT-SDR-IMP-461,N/A,Hand Tools,Brand New,E-04-06,212,20,In stock,1851.50,392518.00,2026-02-26,2026-02-27,2026-03-01,Ariel Villanueva,Apex Automotive Supplies Inc.
Wire Stripper & Crimper,HT-WSC-08I-492,N/A,Hand Tools,Brand New,C-01-06,3,7,Low stock,584.58,1753.74,2026-03-22,2026-03-24,2026-03-25,Bong Garcia,Oriental Tools & Equipment
Digital Battery Analyzer 12V,DE-BAT-12VA-544,SN-DE-2026-2A0523,Diagnostic & Electrical,Refurbished,A-03-01,57,12,In stock,4005.61,228319.77,2026-06-11,2026-06-14,2026-06-16,Bong Garcia,Delta Auto Tools Direct
OBD2 Automotive Scanner Tool,DE-SCN-OBD2-986,SN-DE-2026-11E974,Diagnostic & Electrical,Brand New,C-01-09,177,9,In stock,5599.87,991176.99,2026-04-20,2026-04-21,2026-04-23,Ariel Villanueva,Pacific Rim Auto Parts
Heavy Duty Hand Cleaner 3.78L,WS-HND-378-579,N/A,Workshop Supplies & Fluids,Brand New,B-01-08,34,17,In stock,1146.70,38987.80,2026-03-10,2026-03-11,2026-03-13,Joseph Bautista,Oriental Tools & Equipment
Ball Peen Hammer 24oz,HT-HMR-24O-674,N/A,Hand Tools,Brand New,E-03-09,54,25,In stock,698.46,37716.84,2026-01-16,2026-01-18,2026-01-20,Joseph Bautista,Kabuayan Tool Distro
Engine Compression Tester Kit,DE-GST-CMP-372,SN-DE-2026-A8AD5C,Diagnostic & Electrical,Brand New,G-02-03,210,12,In stock,1818.44,381872.40,2026-01-20,2026-01-23,2026-01-24,Reynaldo Cruz,Luzon Machinery Supply
Cordless Drill Driver 18V,PT-DRL-18V-738,SN-PT-2026-81F99B,Power Tools,Brand New,D-01-06,2,8,Low stock,5112.96,10225.92,2026-05-18,2026-05-19,2026-05-21,Michael Ramos,Delta Auto Tools Direct
Digital Multimeter Auto-Ranging,DE-MMT-DIGI-198,SN-DE-2026-DCE49B,Diagnostic & Electrical,Refurbished,H-05-01,85,23,In stock,2434.03,206892.55,2026-08-03,2026-08-05,2026-08-06,Dave Mendoza,Manila Industrial Tools Corp.
Brass Punch Set 5pc,HT-PCH-05P-452,LOT-2026-6926,Hand Tools,Brand New,E-06-07,22,12,Reserved,1143.20,25150.40,2026-01-26,2026-01-29,2026-01-31,Mark Santos,Visayas Industrial Distribution
Air Angle Die Grinder,PT-AIR-ADG-111,SN-PT-2026-6A032D,Power Tools,Brand New,F-07-06,205,18,In stock,4059.30,832156.50,2026-01-10,2026-01-11,2026-01-13,Reynaldo Cruz,Oriental Tools & Equipment
Electric Rotary Buffer 7in,PT-POL-07I-203,SN-PT-2026-EF2E06,Power Tools,Used / Good,D-09-02,295,15,In stock,3760.31,1109291.45,2026-05-19,2026-05-22,2026-05-23,John Reyes,Metro Tools Import Co.
Engine Compression Tester Kit,DE-GST-CMP-377,SN-DE-2026-5F920D,Diagnostic & Electrical,Brand New,E-08-04,22,25,Reserved,2644.65,58182.30,2026-06-15,2026-06-17,2026-06-18,Reynaldo Cruz,Metro Tools Import Co.
Oxygen Sensor Socket 22mm,SM-SCK-O2S-848,LOT-2026-3124,Specialty Mechanic Tools,Brand New,C-05-02,176,20,In stock,538.74,94818.24,2026-03-17,2026-03-18,2026-03-20,John Reyes,Delta Auto Tools Direct
Fluid Transfer Hand Pump,SM-PMP-FLD-513,LOT-2026-8288,Specialty Mechanic Tools,Brand New,D-01-01,4,8,Low stock,836.43,3345.72,2026-09-29,2026-10-01,2026-10-02,Reynaldo Cruz,Manila Industrial Tools Corp.
Circlip Snap Ring Pliers Set,HT-PLR-SNP-587,LOT-2026-6724,Hand Tools,Brand New,F-03-03,138,11,In stock,1310.26,180815.88,2026-03-04,2026-03-05,2026-03-06,Mark Santos,Visayas Industrial Distribution
